ISO-10303-21;
HEADER;
FILE_DESCRIPTION(('FreeCAD Model'),'2;1');
FILE_NAME('Open CASCADE Shape Model','2026-06-24T23:30:18',(''),(''),
  'Open CASCADE STEP processor 7.8','FreeCAD','Unknown');
FILE_SCHEMA(('AUTOMOTIVE_DESIGN { 1 0 10303 214 1 1 1 1 }'));
ENDSEC;
DATA;
#1 = APPLICATION_PROTOCOL_DEFINITION('international standard',
  'automotive_design',2000,#2);
#2 = APPLICATION_CONTEXT(
  'core data for automotive mechanical design processes');
#3 = SHAPE_DEFINITION_REPRESENTATION(#4,#10);
#4 = PRODUCT_DEFINITION_SHAPE('','',#5);
#5 = PRODUCT_DEFINITION('design','',#6,#9);
#6 = PRODUCT_DEFINITION_FORMATION('','',#7);
#7 = PRODUCT('Body','Body','',(#8));
#8 = PRODUCT_CONTEXT('',#2,'mechanical');
#9 = PRODUCT_DEFINITION_CONTEXT('part definition',#2,'design');
#10 = ADVANCED_BREP_SHAPE_REPRESENTATION('',(#11,#15),#2207);
#11 = AXIS2_PLACEMENT_3D('',#12,#13,#14);
#12 = CARTESIAN_POINT('',(0.,0.,0.));
#13 = DIRECTION('',(0.,0.,1.));
#14 = DIRECTION('',(1.,0.,-0.));
#15 = MANIFOLD_SOLID_BREP('',#16);
#16 = CLOSED_SHELL('',(#17,#251,#282,#397,#421,#463,#512,#537,#571,#618,
    #642,#682,#729,#753,#777,#794,#834,#874,#898,#922,#946,#986,#1026,
    #1066,#1090,#1114,#1131,#1309,#1333,#1358,#1390,#1415,#1432,#1456,
    #1480,#1497,#1522,#1564,#1588,#1612,#1629,#1648,#1665,#1682,#1726,
    #1743,#1755,#1767,#1915,#1932,#1949,#1961,#1973,#1999,#2016,#2033,
    #2050,#2067,#2084,#2096,#2115,#2132,#2149,#2161,#2178,#2195));
#17 = ADVANCED_FACE('',(#18,#84),#246,.F.);
#18 = FACE_BOUND('',#19,.F.);
#19 = EDGE_LOOP('',(#20,#30,#38,#46,#54,#62,#70,#78));
#20 = ORIENTED_EDGE('',*,*,#21,.T.);
#21 = EDGE_CURVE('',#22,#24,#26,.T.);
#22 = VERTEX_POINT('',#23);
#23 = CARTESIAN_POINT('',(0.295366191864,-0.336560630798,4.670566558838)
  );
#24 = VERTEX_POINT('',#25);
#25 = CARTESIAN_POINT('',(0.295366191864,35.463439369202,4.670566558838)
  );
#26 = LINE('',#27,#28);
#27 = CARTESIAN_POINT('',(0.295366191864,-0.336560630798,4.670566558838)
  );
#28 = VECTOR('',#29,1.);
#29 = DIRECTION('',(0.,1.,0.));
#30 = ORIENTED_EDGE('',*,*,#31,.T.);
#31 = EDGE_CURVE('',#24,#32,#34,.T.);
#32 = VERTEX_POINT('',#33);
#33 = CARTESIAN_POINT('',(-24.50463380813,35.463439369202,4.670566558838
    ));
#34 = LINE('',#35,#36);
#35 = CARTESIAN_POINT('',(0.295366191864,35.463439369202,4.670566558838)
  );
#36 = VECTOR('',#37,1.);
#37 = DIRECTION('',(-1.,0.,0.));
#38 = ORIENTED_EDGE('',*,*,#39,.T.);
#39 = EDGE_CURVE('',#32,#40,#42,.T.);
#40 = VERTEX_POINT('',#41);
#41 = CARTESIAN_POINT('',(-24.50463380813,-0.336560630798,4.670566558838
    ));
#42 = LINE('',#43,#44);
#43 = CARTESIAN_POINT('',(-24.50463380813,35.463439369202,4.670566558838
    ));
#44 = VECTOR('',#45,1.);
#45 = DIRECTION('',(0.,-1.,0.));
#46 = ORIENTED_EDGE('',*,*,#47,.T.);
#47 = EDGE_CURVE('',#40,#48,#50,.T.);
#48 = VERTEX_POINT('',#49);
#49 = CARTESIAN_POINT('',(-10.01532802945,-0.336560630798,4.670566558838
    ));
#50 = LINE('',#51,#52);
#51 = CARTESIAN_POINT('',(-24.50463380813,-0.336560630798,4.670566558838
    ));
#52 = VECTOR('',#53,1.);
#53 = DIRECTION('',(1.,0.,0.));
#54 = ORIENTED_EDGE('',*,*,#55,.T.);
#55 = EDGE_CURVE('',#48,#56,#58,.T.);
#56 = VERTEX_POINT('',#57);
#57 = CARTESIAN_POINT('',(-10.01532802945,6.343936920166E-02,
    4.670566558838));
#58 = LINE('',#59,#60);
#59 = CARTESIAN_POINT('',(-10.01532802945,6.343936920166E-02,
    4.670566558838));
#60 = VECTOR('',#61,1.);
#61 = DIRECTION('',(0.,1.,-2.22044604925E-16));
#62 = ORIENTED_EDGE('',*,*,#63,.F.);
#63 = EDGE_CURVE('',#64,#56,#66,.T.);
#64 = VERTEX_POINT('',#65);
#65 = CARTESIAN_POINT('',(-0.653939586813,6.343936920166E-02,
    4.670566558838));
#66 = LINE('',#67,#68);
#67 = CARTESIAN_POINT('',(-8.819633808136,6.343936920166E-02,
    4.670566558838));
#68 = VECTOR('',#69,1.);
#69 = DIRECTION('',(-1.,0.,0.));
#70 = ORIENTED_EDGE('',*,*,#71,.F.);
#71 = EDGE_CURVE('',#72,#64,#74,.T.);
#72 = VERTEX_POINT('',#73);
#73 = CARTESIAN_POINT('',(-0.653939586813,-0.336560630798,4.670566558838
    ));
#74 = LINE('',#75,#76);
#75 = CARTESIAN_POINT('',(-0.653939586813,6.343936920166E-02,
    4.670566558838));
#76 = VECTOR('',#77,1.);
#77 = DIRECTION('',(0.,1.,-2.22044604925E-16));
#78 = ORIENTED_EDGE('',*,*,#79,.T.);
#79 = EDGE_CURVE('',#72,#22,#80,.T.);
#80 = LINE('',#81,#82);
#81 = CARTESIAN_POINT('',(-24.50463380813,-0.336560630798,4.670566558838
    ));
#82 = VECTOR('',#83,1.);
#83 = DIRECTION('',(1.,0.,0.));
#84 = FACE_BOUND('',#85,.F.);
#85 = EDGE_LOOP('',(#86,#96,#104,#112,#120,#128,#136,#144,#152,#160,#168
    ,#176,#184,#192,#200,#208,#216,#224,#232,#240));
#86 = ORIENTED_EDGE('',*,*,#87,.T.);
#87 = EDGE_CURVE('',#88,#90,#92,.T.);
#88 = VERTEX_POINT('',#89);
#89 = CARTESIAN_POINT('',(-22.60463380813,19.863439369202,4.670566558838
    ));
#90 = VERTEX_POINT('',#91);
#91 = CARTESIAN_POINT('',(-17.90463380813,19.863439369202,4.670566558838
    ));
#92 = LINE('',#93,#94);
#93 = CARTESIAN_POINT('',(-15.10463380813,19.863439369202,4.670566558838
    ));
#94 = VECTOR('',#95,1.);
#95 = DIRECTION('',(1.,0.,0.));
#96 = ORIENTED_EDGE('',*,*,#97,.T.);
#97 = EDGE_CURVE('',#90,#98,#100,.T.);
#98 = VERTEX_POINT('',#99);
#99 = CARTESIAN_POINT('',(-17.90463380813,20.713439369202,4.670566558838
    ));
#100 = LINE('',#101,#102);
#101 = CARTESIAN_POINT('',(-17.90463380813,20.213439369202,
    4.670566558838));
#102 = VECTOR('',#103,1.);
#103 = DIRECTION('',(0.,1.,0.));
#104 = ORIENTED_EDGE('',*,*,#105,.T.);
#105 = EDGE_CURVE('',#98,#106,#108,.T.);
#106 = VERTEX_POINT('',#107);
#107 = CARTESIAN_POINT('',(-19.90463380813,20.713439369202,
    4.670566558838));
#108 = LINE('',#109,#110);
#109 = CARTESIAN_POINT('',(-17.90463380813,20.713439369202,
    4.670566558838));
#110 = VECTOR('',#111,1.);
#111 = DIRECTION('',(-1.,-0.,-0.));
#112 = ORIENTED_EDGE('',*,*,#113,.F.);
#113 = EDGE_CURVE('',#114,#106,#116,.T.);
#114 = VERTEX_POINT('',#115);
#115 = CARTESIAN_POINT('',(-19.90463380813,21.813439369202,
    4.670566558838));
#116 = LINE('',#117,#118);
#117 = CARTESIAN_POINT('',(-19.90463380813,21.813439369202,
    4.670566558838));
#118 = VECTOR('',#119,1.);
#119 = DIRECTION('',(0.,-1.,0.));
#120 = ORIENTED_EDGE('',*,*,#121,.F.);
#121 = EDGE_CURVE('',#122,#114,#124,.T.);
#122 = VERTEX_POINT('',#123);
#123 = CARTESIAN_POINT('',(-17.90463380813,21.813439369202,
    4.670566558838));
#124 = LINE('',#125,#126);
#125 = CARTESIAN_POINT('',(-17.90463380813,21.813439369202,
    4.670566558838));
#126 = VECTOR('',#127,1.);
#127 = DIRECTION('',(-1.,-0.,-0.));
#128 = ORIENTED_EDGE('',*,*,#129,.T.);
#129 = EDGE_CURVE('',#122,#130,#132,.T.);
#130 = VERTEX_POINT('',#131);
#131 = CARTESIAN_POINT('',(-17.90463380813,22.663439369202,
    4.670566558838));
#132 = LINE('',#133,#134);
#133 = CARTESIAN_POINT('',(-17.90463380813,20.213439369202,
    4.670566558838));
#134 = VECTOR('',#135,1.);
#135 = DIRECTION('',(0.,1.,0.));
#136 = ORIENTED_EDGE('',*,*,#137,.T.);
#137 = EDGE_CURVE('',#130,#138,#140,.T.);
#138 = VERTEX_POINT('',#139);
#139 = CARTESIAN_POINT('',(-22.60463380813,22.663439369202,
    4.670566558838));
#140 = LINE('',#141,#142);
#141 = CARTESIAN_POINT('',(-17.45463380813,22.663439369202,
    4.670566558838));
#142 = VECTOR('',#143,1.);
#143 = DIRECTION('',(-1.,0.,0.));
#144 = ORIENTED_EDGE('',*,*,#145,.T.);
#145 = EDGE_CURVE('',#138,#146,#148,.T.);
#146 = VERTEX_POINT('',#147);
#147 = CARTESIAN_POINT('',(-22.60463380813,24.463439369202,
    4.670566558838));
#148 = LINE('',#149,#150);
#149 = CARTESIAN_POINT('',(-22.60463380813,21.113439369202,
    4.670566558838));
#150 = VECTOR('',#151,1.);
#151 = DIRECTION('',(0.,1.,0.));
#152 = ORIENTED_EDGE('',*,*,#153,.T.);
#153 = EDGE_CURVE('',#146,#154,#156,.T.);
#154 = VERTEX_POINT('',#155);
#155 = CARTESIAN_POINT('',(-16.10463380813,24.463439369202,
    4.670566558838));
#156 = LINE('',#157,#158);
#157 = CARTESIAN_POINT('',(-14.20463380813,24.463439369202,
    4.670566558838));
#158 = VECTOR('',#159,1.);
#159 = DIRECTION('',(1.,0.,0.));
#160 = ORIENTED_EDGE('',*,*,#161,.T.);
#161 = EDGE_CURVE('',#154,#162,#164,.T.);
#162 = VERTEX_POINT('',#163);
#163 = CARTESIAN_POINT('',(-16.10463380813,13.463439369202,
    4.670566558838));
#164 = LINE('',#165,#166);
#165 = CARTESIAN_POINT('',(-16.10463380813,15.613439369202,
    4.670566558838));
#166 = VECTOR('',#167,1.);
#167 = DIRECTION('',(0.,-1.,0.));
#168 = ORIENTED_EDGE('',*,*,#169,.T.);
#169 = EDGE_CURVE('',#162,#170,#172,.T.);
#170 = VERTEX_POINT('',#171);
#171 = CARTESIAN_POINT('',(-22.60463380813,13.463439369202,
    4.670566558838));
#172 = LINE('',#173,#174);
#173 = CARTESIAN_POINT('',(-17.45463380813,13.463439369202,
    4.670566558838));
#174 = VECTOR('',#175,1.);
#175 = DIRECTION('',(-1.,0.,0.));
#176 = ORIENTED_EDGE('',*,*,#177,.T.);
#177 = EDGE_CURVE('',#170,#178,#180,.T.);
#178 = VERTEX_POINT('',#179);
#179 = CARTESIAN_POINT('',(-22.60463380813,15.263439369202,
    4.670566558838));
#180 = LINE('',#181,#182);
#181 = CARTESIAN_POINT('',(-22.60463380813,16.513439369202,
    4.670566558838));
#182 = VECTOR('',#183,1.);
#183 = DIRECTION('',(0.,1.,0.));
#184 = ORIENTED_EDGE('',*,*,#185,.T.);
#185 = EDGE_CURVE('',#178,#186,#188,.T.);
#186 = VERTEX_POINT('',#187);
#187 = CARTESIAN_POINT('',(-17.90463380813,15.263439369202,
    4.670566558838));
#188 = LINE('',#189,#190);
#189 = CARTESIAN_POINT('',(-15.10463380813,15.263439369202,
    4.670566558838));
#190 = VECTOR('',#191,1.);
#191 = DIRECTION('',(1.,0.,0.));
#192 = ORIENTED_EDGE('',*,*,#193,.T.);
#193 = EDGE_CURVE('',#186,#194,#196,.T.);
#194 = VERTEX_POINT('',#195);
#195 = CARTESIAN_POINT('',(-17.90463380813,16.113439369198,
    4.670566558838));
#196 = LINE('',#197,#198);
#197 = CARTESIAN_POINT('',(-17.90463380813,17.913439369202,
    4.670566558838));
#198 = VECTOR('',#199,1.);
#199 = DIRECTION('',(0.,1.,0.));
#200 = ORIENTED_EDGE('',*,*,#201,.T.);
#201 = EDGE_CURVE('',#194,#202,#204,.T.);
#202 = VERTEX_POINT('',#203);
#203 = CARTESIAN_POINT('',(-19.90463380813,16.113439369198,
    4.670566558838));
#204 = LINE('',#205,#206);
#205 = CARTESIAN_POINT('',(-17.90463380813,16.113439369198,
    4.670566558838));
#206 = VECTOR('',#207,1.);
#207 = DIRECTION('',(-1.,-0.,-0.));
#208 = ORIENTED_EDGE('',*,*,#209,.F.);
#209 = EDGE_CURVE('',#210,#202,#212,.T.);
#210 = VERTEX_POINT('',#211);
#211 = CARTESIAN_POINT('',(-19.90463380813,17.213439369206,
    4.670566558838));
#212 = LINE('',#213,#214);
#213 = CARTESIAN_POINT('',(-19.90463380813,17.213439369206,
    4.670566558838));
#214 = VECTOR('',#215,1.);
#215 = DIRECTION('',(0.,-1.,0.));
#216 = ORIENTED_EDGE('',*,*,#217,.F.);
#217 = EDGE_CURVE('',#218,#210,#220,.T.);
#218 = VERTEX_POINT('',#219);
#219 = CARTESIAN_POINT('',(-17.90463380813,17.213439369206,
    4.670566558838));
#220 = LINE('',#221,#222);
#221 = CARTESIAN_POINT('',(-17.90463380813,17.213439369206,
    4.670566558838));
#222 = VECTOR('',#223,1.);
#223 = DIRECTION('',(-1.,-0.,-0.));
#224 = ORIENTED_EDGE('',*,*,#225,.T.);
#225 = EDGE_CURVE('',#218,#226,#228,.T.);
#226 = VERTEX_POINT('',#227);
#227 = CARTESIAN_POINT('',(-17.90463380813,18.063439369202,
    4.670566558838));
#228 = LINE('',#229,#230);
#229 = CARTESIAN_POINT('',(-17.90463380813,17.913439369202,
    4.670566558838));
#230 = VECTOR('',#231,1.);
#231 = DIRECTION('',(0.,1.,0.));
#232 = ORIENTED_EDGE('',*,*,#233,.T.);
#233 = EDGE_CURVE('',#226,#234,#236,.T.);
#234 = VERTEX_POINT('',#235);
#235 = CARTESIAN_POINT('',(-22.60463380813,18.063439369202,
    4.670566558838));
#236 = LINE('',#237,#238);
#237 = CARTESIAN_POINT('',(-17.45463380813,18.063439369202,
    4.670566558838));
#238 = VECTOR('',#239,1.);
#239 = DIRECTION('',(-1.,0.,0.));
#240 = ORIENTED_EDGE('',*,*,#241,.T.);
#241 = EDGE_CURVE('',#234,#88,#242,.T.);
#242 = LINE('',#243,#244);
#243 = CARTESIAN_POINT('',(-22.60463380813,18.813439369202,
    4.670566558838));
#244 = VECTOR('',#245,1.);
#245 = DIRECTION('',(0.,1.,0.));
#246 = PLANE('',#247);
#247 = AXIS2_PLACEMENT_3D('',#248,#249,#250);
#248 = CARTESIAN_POINT('',(-12.30463380813,17.763439369202,
    4.670566558838));
#249 = DIRECTION('',(0.,0.,1.));
#250 = DIRECTION('',(1.,0.,0.));
#251 = ADVANCED_FACE('',(#252),#277,.T.);
#252 = FACE_BOUND('',#253,.T.);
#253 = EDGE_LOOP('',(#254,#262,#263,#271));
#254 = ORIENTED_EDGE('',*,*,#255,.T.);
#255 = EDGE_CURVE('',#256,#22,#258,.T.);
#256 = VERTEX_POINT('',#257);
#257 = CARTESIAN_POINT('',(0.295366191864,-0.336560630798,
    -3.729433441162));
#258 = LINE('',#259,#260);
#259 = CARTESIAN_POINT('',(0.295366191864,-0.336560630798,
    -0.329433441162));
#260 = VECTOR('',#261,1.);
#261 = DIRECTION('',(0.,0.,1.));
#262 = ORIENTED_EDGE('',*,*,#21,.T.);
#263 = ORIENTED_EDGE('',*,*,#264,.T.);
#264 = EDGE_CURVE('',#24,#265,#267,.T.);
#265 = VERTEX_POINT('',#266);
#266 = CARTESIAN_POINT('',(0.295366191864,35.463439369202,
    -3.729433441162));
#267 = LINE('',#268,#269);
#268 = CARTESIAN_POINT('',(0.295366191864,35.463439369202,
    -0.329433441162));
#269 = VECTOR('',#270,1.);
#270 = DIRECTION('',(0.,0.,-1.));
#271 = ORIENTED_EDGE('',*,*,#272,.F.);
#272 = EDGE_CURVE('',#256,#265,#273,.T.);
#273 = LINE('',#274,#275);
#274 = CARTESIAN_POINT('',(0.295366191864,-0.336560630798,
    -3.729433441162));
#275 = VECTOR('',#276,1.);
#276 = DIRECTION('',(0.,1.,0.));
#277 = PLANE('',#278);
#278 = AXIS2_PLACEMENT_3D('',#279,#280,#281);
#279 = CARTESIAN_POINT('',(0.295366191864,17.563439369202,0.470566558838
    ));
#280 = DIRECTION('',(-1.,-0.,-0.));
#281 = DIRECTION('',(0.,0.,-1.));
#282 = ADVANCED_FACE('',(#283),#392,.T.);
#283 = FACE_BOUND('',#284,.T.);
#284 = EDGE_LOOP('',(#285,#286,#294,#302,#310,#318,#326,#332,#333,#342,
    #350,#359,#367,#376,#384,#391));
#285 = ORIENTED_EDGE('',*,*,#255,.F.);
#286 = ORIENTED_EDGE('',*,*,#287,.F.);
#287 = EDGE_CURVE('',#288,#256,#290,.T.);
#288 = VERTEX_POINT('',#289);
#289 = CARTESIAN_POINT('',(-12.60463380813,-0.336560630798,
    -3.729433441162));
#290 = LINE('',#291,#292);
#291 = CARTESIAN_POINT('',(-24.50463380813,-0.336560630798,
    -3.729433441162));
#292 = VECTOR('',#293,1.);
#293 = DIRECTION('',(1.,0.,0.));
#294 = ORIENTED_EDGE('',*,*,#295,.T.);
#295 = EDGE_CURVE('',#288,#296,#298,.T.);
#296 = VERTEX_POINT('',#297);
#297 = CARTESIAN_POINT('',(-12.60463380813,-0.336560630798,
    -0.729433441162));
#298 = LINE('',#299,#300);
#299 = CARTESIAN_POINT('',(-12.60463380813,-0.336560630798,
    -3.729433441162));
#300 = VECTOR('',#301,1.);
#301 = DIRECTION('',(0.,0.,1.));
#302 = ORIENTED_EDGE('',*,*,#303,.F.);
#303 = EDGE_CURVE('',#304,#296,#306,.T.);
#304 = VERTEX_POINT('',#305);
#305 = CARTESIAN_POINT('',(-21.00463380813,-0.336560630798,
    -0.729433441162));
#306 = LINE('',#307,#308);
#307 = CARTESIAN_POINT('',(-21.00463380813,-0.336560630798,
    -0.729433441162));
#308 = VECTOR('',#309,1.);
#309 = DIRECTION('',(1.,0.,0.));
#310 = ORIENTED_EDGE('',*,*,#311,.F.);
#311 = EDGE_CURVE('',#312,#304,#314,.T.);
#312 = VERTEX_POINT('',#313);
#313 = CARTESIAN_POINT('',(-21.00463380813,-0.336560630798,
    -3.729433441162));
#314 = LINE('',#315,#316);
#315 = CARTESIAN_POINT('',(-21.00463380813,-0.336560630798,
    -3.729433441162));
#316 = VECTOR('',#317,1.);
#317 = DIRECTION('',(0.,0.,1.));
#318 = ORIENTED_EDGE('',*,*,#319,.F.);
#319 = EDGE_CURVE('',#320,#312,#322,.T.);
#320 = VERTEX_POINT('',#321);
#321 = CARTESIAN_POINT('',(-24.50463380813,-0.336560630798,
    -3.729433441162));
#322 = LINE('',#323,#324);
#323 = CARTESIAN_POINT('',(-24.50463380813,-0.336560630798,
    -3.729433441162));
#324 = VECTOR('',#325,1.);
#325 = DIRECTION('',(1.,0.,0.));
#326 = ORIENTED_EDGE('',*,*,#327,.T.);
#327 = EDGE_CURVE('',#320,#40,#328,.T.);
#328 = LINE('',#329,#330);
#329 = CARTESIAN_POINT('',(-24.50463380813,-0.336560630798,
    -0.329433441162));
#330 = VECTOR('',#331,1.);
#331 = DIRECTION('',(0.,0.,1.));
#332 = ORIENTED_EDGE('',*,*,#47,.T.);
#333 = ORIENTED_EDGE('',*,*,#334,.F.);
#334 = EDGE_CURVE('',#335,#48,#337,.T.);
#335 = VERTEX_POINT('',#336);
#336 = CARTESIAN_POINT('',(-10.33463380813,-0.336560630798,
    3.780566558838));
#337 = CIRCLE('',#338,1.4);
#338 = AXIS2_PLACEMENT_3D('',#339,#340,#341);
#339 = CARTESIAN_POINT('',(-8.934633808136,-0.336560630798,
    3.780566558838));
#340 = DIRECTION('',(0.,1.,-2.22044604925E-16));
#341 = DIRECTION('',(1.,0.,0.));
#342 = ORIENTED_EDGE('',*,*,#343,.T.);
#343 = EDGE_CURVE('',#335,#344,#346,.T.);
#344 = VERTEX_POINT('',#345);
#345 = CARTESIAN_POINT('',(-10.33463380813,-0.336560630798,
    2.580566558838));
#346 = LINE('',#347,#348);
#347 = CARTESIAN_POINT('',(-10.33463380813,-0.336560630798,
    1.725566558838));
#348 = VECTOR('',#349,1.);
#349 = DIRECTION('',(0.,0.,-1.));
#350 = ORIENTED_EDGE('',*,*,#351,.F.);
#351 = EDGE_CURVE('',#352,#344,#354,.T.);
#352 = VERTEX_POINT('',#353);
#353 = CARTESIAN_POINT('',(-8.934633808136,-0.336560630798,
    1.180566558838));
#354 = CIRCLE('',#355,1.4);
#355 = AXIS2_PLACEMENT_3D('',#356,#357,#358);
#356 = CARTESIAN_POINT('',(-8.934633808136,-0.336560630798,
    2.580566558838));
#357 = DIRECTION('',(0.,1.,-2.22044604925E-16));
#358 = DIRECTION('',(1.,0.,0.));
#359 = ORIENTED_EDGE('',*,*,#360,.T.);
#360 = EDGE_CURVE('',#352,#361,#363,.T.);
#361 = VERTEX_POINT('',#362);
#362 = CARTESIAN_POINT('',(-1.734633808136,-0.336560630798,
    1.180566558838));
#363 = LINE('',#364,#365);
#364 = CARTESIAN_POINT('',(-16.71963380813,-0.336560630798,
    1.180566558838));
#365 = VECTOR('',#366,1.);
#366 = DIRECTION('',(1.,0.,0.));
#367 = ORIENTED_EDGE('',*,*,#368,.F.);
#368 = EDGE_CURVE('',#369,#361,#371,.T.);
#369 = VERTEX_POINT('',#370);
#370 = CARTESIAN_POINT('',(-0.334633808136,-0.336560630798,
    2.580566558838));
#371 = CIRCLE('',#372,1.4);
#372 = AXIS2_PLACEMENT_3D('',#373,#374,#375);
#373 = CARTESIAN_POINT('',(-1.734633808136,-0.336560630798,
    2.580566558838));
#374 = DIRECTION('',(0.,1.,-2.22044604925E-16));
#375 = DIRECTION('',(1.,0.,0.));
#376 = ORIENTED_EDGE('',*,*,#377,.T.);
#377 = EDGE_CURVE('',#369,#378,#380,.T.);
#378 = VERTEX_POINT('',#379);
#379 = CARTESIAN_POINT('',(-0.334633808136,-0.336560630798,
    3.780566558838));
#380 = LINE('',#381,#382);
#381 = CARTESIAN_POINT('',(-0.334633808136,-0.336560630798,
    1.125566558838));
#382 = VECTOR('',#383,1.);
#383 = DIRECTION('',(0.,0.,1.));
#384 = ORIENTED_EDGE('',*,*,#385,.F.);
#385 = EDGE_CURVE('',#72,#378,#386,.T.);
#386 = CIRCLE('',#387,1.4);
#387 = AXIS2_PLACEMENT_3D('',#388,#389,#390);
#388 = CARTESIAN_POINT('',(-1.734633808136,-0.336560630798,
    3.780566558838));
#389 = DIRECTION('',(0.,1.,-2.22044604925E-16));
#390 = DIRECTION('',(1.,0.,0.));
#391 = ORIENTED_EDGE('',*,*,#79,.T.);
#392 = PLANE('',#393);
#393 = AXIS2_PLACEMENT_3D('',#394,#395,#396);
#394 = CARTESIAN_POINT('',(-11.50002192395,-0.336560630798,
    0.264090909298));
#395 = DIRECTION('',(0.,1.,0.));
#396 = DIRECTION('',(0.,0.,1.));
#397 = ADVANCED_FACE('',(#398),#416,.T.);
#398 = FACE_BOUND('',#399,.T.);
#399 = EDGE_LOOP('',(#400,#401,#409,#415));
#400 = ORIENTED_EDGE('',*,*,#31,.T.);
#401 = ORIENTED_EDGE('',*,*,#402,.T.);
#402 = EDGE_CURVE('',#32,#403,#405,.T.);
#403 = VERTEX_POINT('',#404);
#404 = CARTESIAN_POINT('',(-24.50463380813,35.463439369202,
    -3.729433441162));
#405 = LINE('',#406,#407);
#406 = CARTESIAN_POINT('',(-24.50463380813,35.463439369202,
    -0.329433441162));
#407 = VECTOR('',#408,1.);
#408 = DIRECTION('',(0.,0.,-1.));
#409 = ORIENTED_EDGE('',*,*,#410,.F.);
#410 = EDGE_CURVE('',#265,#403,#411,.T.);
#411 = LINE('',#412,#413);
#412 = CARTESIAN_POINT('',(0.295366191864,35.463439369202,
    -3.729433441162));
#413 = VECTOR('',#414,1.);
#414 = DIRECTION('',(-1.,0.,0.));
#415 = ORIENTED_EDGE('',*,*,#264,.F.);
#416 = PLANE('',#417);
#417 = AXIS2_PLACEMENT_3D('',#418,#419,#420);
#418 = CARTESIAN_POINT('',(-12.10463380813,35.463439369202,
    0.470566558838));
#419 = DIRECTION('',(-0.,-1.,-0.));
#420 = DIRECTION('',(0.,0.,-1.));
#421 = ADVANCED_FACE('',(#422),#458,.F.);
#422 = FACE_BOUND('',#423,.T.);
#423 = EDGE_LOOP('',(#424,#425,#433,#442,#450,#457));
#424 = ORIENTED_EDGE('',*,*,#385,.T.);
#425 = ORIENTED_EDGE('',*,*,#426,.T.);
#426 = EDGE_CURVE('',#378,#427,#429,.T.);
#427 = VERTEX_POINT('',#428);
#428 = CARTESIAN_POINT('',(-0.334633808136,-2.736560630798,
    3.780566558838));
#429 = LINE('',#430,#431);
#430 = CARTESIAN_POINT('',(-0.334633808136,6.343936920166E-02,
    3.780566558838));
#431 = VECTOR('',#432,1.);
#432 = DIRECTION('',(0.,-1.,2.22044604925E-16));
#433 = ORIENTED_EDGE('',*,*,#434,.F.);
#434 = EDGE_CURVE('',#435,#427,#437,.T.);
#435 = VERTEX_POINT('',#436);
#436 = CARTESIAN_POINT('',(-1.734633808136,-2.736560630798,
    5.180566558838));
#437 = CIRCLE('',#438,1.4);
#438 = AXIS2_PLACEMENT_3D('',#439,#440,#441);
#439 = CARTESIAN_POINT('',(-1.734633808136,-2.736560630798,
    3.780566558838));
#440 = DIRECTION('',(0.,1.,-2.22044604925E-16));
#441 = DIRECTION('',(1.,0.,0.));
#442 = ORIENTED_EDGE('',*,*,#443,.F.);
#443 = EDGE_CURVE('',#444,#435,#446,.T.);
#444 = VERTEX_POINT('',#445);
#445 = CARTESIAN_POINT('',(-1.734633808136,6.343936920166E-02,
    5.180566558838));
#446 = LINE('',#447,#448);
#447 = CARTESIAN_POINT('',(-1.734633808136,6.343936920166E-02,
    5.180566558838));
#448 = VECTOR('',#449,1.);
#449 = DIRECTION('',(0.,-1.,2.22044604925E-16));
#450 = ORIENTED_EDGE('',*,*,#451,.F.);
#451 = EDGE_CURVE('',#64,#444,#452,.T.);
#452 = CIRCLE('',#453,1.4);
#453 = AXIS2_PLACEMENT_3D('',#454,#455,#456);
#454 = CARTESIAN_POINT('',(-1.734633808136,6.343936920166E-02,
    3.780566558838));
#455 = DIRECTION('',(0.,-1.,2.22044604925E-16));
#456 = DIRECTION('',(1.,0.,0.));
#457 = ORIENTED_EDGE('',*,*,#71,.F.);
#458 = CYLINDRICAL_SURFACE('',#459,1.4);
#459 = AXIS2_PLACEMENT_3D('',#460,#461,#462);
#460 = CARTESIAN_POINT('',(-1.734633808136,6.343936920166E-02,
    3.780566558838));
#461 = DIRECTION('',(0.,1.,-2.22044604925E-16));
#462 = DIRECTION('',(1.,0.,0.));
#463 = ADVANCED_FACE('',(#464),#507,.T.);
#464 = FACE_BOUND('',#465,.T.);
#465 = EDGE_LOOP('',(#466,#467,#468,#476,#484,#492,#500,#506));
#466 = ORIENTED_EDGE('',*,*,#39,.T.);
#467 = ORIENTED_EDGE('',*,*,#327,.F.);
#468 = ORIENTED_EDGE('',*,*,#469,.T.);
#469 = EDGE_CURVE('',#320,#470,#472,.T.);
#470 = VERTEX_POINT('',#471);
#471 = CARTESIAN_POINT('',(-24.50463380813,8.063439369202,
    -3.729433441162));
#472 = LINE('',#473,#474);
#473 = CARTESIAN_POINT('',(-24.50463380813,-0.336560630798,
    -3.729433441162));
#474 = VECTOR('',#475,1.);
#475 = DIRECTION('',(0.,1.,0.));
#476 = ORIENTED_EDGE('',*,*,#477,.F.);
#477 = EDGE_CURVE('',#478,#470,#480,.T.);
#478 = VERTEX_POINT('',#479);
#479 = CARTESIAN_POINT('',(-24.50463380813,8.063439369202,
    -0.329433441162));
#480 = LINE('',#481,#482);
#481 = CARTESIAN_POINT('',(-24.50463380813,8.063439369202,
    -0.329433441162));
#482 = VECTOR('',#483,1.);
#483 = DIRECTION('',(0.,0.,-1.));
#484 = ORIENTED_EDGE('',*,*,#485,.F.);
#485 = EDGE_CURVE('',#486,#478,#488,.T.);
#486 = VERTEX_POINT('',#487);
#487 = CARTESIAN_POINT('',(-24.50463380813,27.063439369202,
    -0.329433441162));
#488 = LINE('',#489,#490);
#489 = CARTESIAN_POINT('',(-24.50463380813,35.463439369202,
    -0.329433441162));
#490 = VECTOR('',#491,1.);
#491 = DIRECTION('',(0.,-1.,0.));
#492 = ORIENTED_EDGE('',*,*,#493,.T.);
#493 = EDGE_CURVE('',#486,#494,#496,.T.);
#494 = VERTEX_POINT('',#495);
#495 = CARTESIAN_POINT('',(-24.50463380813,27.063439369202,
    -3.729433441162));
#496 = LINE('',#497,#498);
#497 = CARTESIAN_POINT('',(-24.50463380813,27.063439369202,
    -0.329433441162));
#498 = VECTOR('',#499,1.);
#499 = DIRECTION('',(0.,0.,-1.));
#500 = ORIENTED_EDGE('',*,*,#501,.F.);
#501 = EDGE_CURVE('',#403,#494,#502,.T.);
#502 = LINE('',#503,#504);
#503 = CARTESIAN_POINT('',(-24.50463380813,35.463439369202,
    -3.729433441162));
#504 = VECTOR('',#505,1.);
#505 = DIRECTION('',(0.,-1.,0.));
#506 = ORIENTED_EDGE('',*,*,#402,.F.);
#507 = PLANE('',#508);
#508 = AXIS2_PLACEMENT_3D('',#509,#510,#511);
#509 = CARTESIAN_POINT('',(-24.50463380813,17.563439369202,
    0.970566558838));
#510 = DIRECTION('',(1.,0.,0.));
#511 = DIRECTION('',(0.,0.,1.));
#512 = ADVANCED_FACE('',(#513),#532,.F.);
#513 = FACE_BOUND('',#514,.F.);
#514 = EDGE_LOOP('',(#515,#516,#525,#531));
#515 = ORIENTED_EDGE('',*,*,#63,.T.);
#516 = ORIENTED_EDGE('',*,*,#517,.F.);
#517 = EDGE_CURVE('',#518,#56,#520,.T.);
#518 = VERTEX_POINT('',#519);
#519 = CARTESIAN_POINT('',(-8.934633808136,6.343936920166E-02,
    5.180566558838));
#520 = CIRCLE('',#521,1.4);
#521 = AXIS2_PLACEMENT_3D('',#522,#523,#524);
#522 = CARTESIAN_POINT('',(-8.934633808136,6.343936920166E-02,
    3.780566558838));
#523 = DIRECTION('',(0.,-1.,2.22044604925E-16));
#524 = DIRECTION('',(1.,0.,0.));
#525 = ORIENTED_EDGE('',*,*,#526,.F.);
#526 = EDGE_CURVE('',#444,#518,#527,.T.);
#527 = LINE('',#528,#529);
#528 = CARTESIAN_POINT('',(-1.734633808136,6.343936920166E-02,
    5.180566558838));
#529 = VECTOR('',#530,1.);
#530 = DIRECTION('',(-1.,0.,0.));
#531 = ORIENTED_EDGE('',*,*,#451,.F.);
#532 = PLANE('',#533);
#533 = AXIS2_PLACEMENT_3D('',#534,#535,#536);
#534 = CARTESIAN_POINT('',(-5.334633808136,6.343936920166E-02,
    3.180566558838));
#535 = DIRECTION('',(0.,1.,0.));
#536 = DIRECTION('',(0.,0.,1.));
#537 = ADVANCED_FACE('',(#538),#566,.F.);
#538 = FACE_BOUND('',#539,.T.);
#539 = EDGE_LOOP('',(#540,#541,#549,#558,#564,#565));
#540 = ORIENTED_EDGE('',*,*,#517,.F.);
#541 = ORIENTED_EDGE('',*,*,#542,.T.);
#542 = EDGE_CURVE('',#518,#543,#545,.T.);
#543 = VERTEX_POINT('',#544);
#544 = CARTESIAN_POINT('',(-8.934633808136,-2.736560630798,
    5.180566558838));
#545 = LINE('',#546,#547);
#546 = CARTESIAN_POINT('',(-8.934633808136,6.343936920166E-02,
    5.180566558838));
#547 = VECTOR('',#548,1.);
#548 = DIRECTION('',(0.,-1.,2.22044604925E-16));
#549 = ORIENTED_EDGE('',*,*,#550,.F.);
#550 = EDGE_CURVE('',#551,#543,#553,.T.);
#551 = VERTEX_POINT('',#552);
#552 = CARTESIAN_POINT('',(-10.33463380813,-2.736560630798,
    3.780566558838));
#553 = CIRCLE('',#554,1.4);
#554 = AXIS2_PLACEMENT_3D('',#555,#556,#557);
#555 = CARTESIAN_POINT('',(-8.934633808136,-2.736560630798,
    3.780566558838));
#556 = DIRECTION('',(0.,1.,-2.22044604925E-16));
#557 = DIRECTION('',(1.,0.,0.));
#558 = ORIENTED_EDGE('',*,*,#559,.F.);
#559 = EDGE_CURVE('',#335,#551,#560,.T.);
#560 = LINE('',#561,#562);
#561 = CARTESIAN_POINT('',(-10.33463380813,6.343936920166E-02,
    3.780566558838));
#562 = VECTOR('',#563,1.);
#563 = DIRECTION('',(0.,-1.,2.22044604925E-16));
#564 = ORIENTED_EDGE('',*,*,#334,.T.);
#565 = ORIENTED_EDGE('',*,*,#55,.T.);
#566 = CYLINDRICAL_SURFACE('',#567,1.4);
#567 = AXIS2_PLACEMENT_3D('',#568,#569,#570);
#568 = CARTESIAN_POINT('',(-8.934633808136,6.343936920166E-02,
    3.780566558838));
#569 = DIRECTION('',(0.,1.,-2.22044604925E-16));
#570 = DIRECTION('',(1.,0.,0.));
#571 = ADVANCED_FACE('',(#572),#613,.F.);
#572 = FACE_BOUND('',#573,.F.);
#573 = EDGE_LOOP('',(#574,#584,#590,#591,#599,#607));
#574 = ORIENTED_EDGE('',*,*,#575,.F.);
#575 = EDGE_CURVE('',#576,#578,#580,.T.);
#576 = VERTEX_POINT('',#577);
#577 = CARTESIAN_POINT('',(-17.90463380813,19.863439369202,
    7.470566558838));
#578 = VERTEX_POINT('',#579);
#579 = CARTESIAN_POINT('',(-22.10354580813,19.863439369202,
    7.470566558838));
#580 = LINE('',#581,#582);
#581 = CARTESIAN_POINT('',(-17.90463380813,19.863439369202,
    7.470566558838));
#582 = VECTOR('',#583,1.);
#583 = DIRECTION('',(-1.,0.,0.));
#584 = ORIENTED_EDGE('',*,*,#585,.T.);
#585 = EDGE_CURVE('',#576,#90,#586,.T.);
#586 = LINE('',#587,#588);
#587 = CARTESIAN_POINT('',(-17.90463380813,19.863439369202,
    7.470566558838));
#588 = VECTOR('',#589,1.);
#589 = DIRECTION('',(-0.,-0.,-1.));
#590 = ORIENTED_EDGE('',*,*,#87,.F.);
#591 = ORIENTED_EDGE('',*,*,#592,.F.);
#592 = EDGE_CURVE('',#593,#88,#595,.T.);
#593 = VERTEX_POINT('',#594);
#594 = CARTESIAN_POINT('',(-22.60463380813,19.863439369202,
    5.470566558838));
#595 = LINE('',#596,#597);
#596 = CARTESIAN_POINT('',(-22.60463380813,19.863439369202,
    7.470566558838));
#597 = VECTOR('',#598,1.);
#598 = DIRECTION('',(-0.,-0.,-1.));
#599 = ORIENTED_EDGE('',*,*,#600,.T.);
#600 = EDGE_CURVE('',#593,#601,#603,.T.);
#601 = VERTEX_POINT('',#602);
#602 = CARTESIAN_POINT('',(-22.10354580813,19.863439369202,
    5.470566558838));
#603 = LINE('',#604,#605);
#604 = CARTESIAN_POINT('',(-20.30886280813,19.863439369202,
    5.470566558838));
#605 = VECTOR('',#606,1.);
#606 = DIRECTION('',(1.,0.,0.));
#607 = ORIENTED_EDGE('',*,*,#608,.F.);
#608 = EDGE_CURVE('',#578,#601,#609,.T.);
#609 = LINE('',#610,#611);
#610 = CARTESIAN_POINT('',(-22.10354580813,19.863439369202,
    7.470566558838));
#611 = VECTOR('',#612,1.);
#612 = DIRECTION('',(0.,0.,-1.));
#613 = PLANE('',#614);
#614 = AXIS2_PLACEMENT_3D('',#615,#616,#617);
#615 = CARTESIAN_POINT('',(-17.90463380813,19.863439369202,
    7.470566558838));
#616 = DIRECTION('',(0.,1.,0.));
#617 = DIRECTION('',(-1.,0.,0.));
#618 = ADVANCED_FACE('',(#619),#637,.F.);
#619 = FACE_BOUND('',#620,.F.);
#620 = EDGE_LOOP('',(#621,#629,#630,#631));
#621 = ORIENTED_EDGE('',*,*,#622,.T.);
#622 = EDGE_CURVE('',#623,#593,#625,.T.);
#623 = VERTEX_POINT('',#624);
#624 = CARTESIAN_POINT('',(-22.60463380813,18.063439369202,
    5.470566558838));
#625 = LINE('',#626,#627);
#626 = CARTESIAN_POINT('',(-22.60463380813,19.532433369202,
    5.470566558838));
#627 = VECTOR('',#628,1.);
#628 = DIRECTION('',(0.,1.,0.));
#629 = ORIENTED_EDGE('',*,*,#592,.T.);
#630 = ORIENTED_EDGE('',*,*,#241,.F.);
#631 = ORIENTED_EDGE('',*,*,#632,.F.);
#632 = EDGE_CURVE('',#623,#234,#633,.T.);
#633 = LINE('',#634,#635);
#634 = CARTESIAN_POINT('',(-22.60463380813,18.063439369202,
    7.470566558838));
#635 = VECTOR('',#636,1.);
#636 = DIRECTION('',(-0.,-0.,-1.));
#637 = PLANE('',#638);
#638 = AXIS2_PLACEMENT_3D('',#639,#640,#641);
#639 = CARTESIAN_POINT('',(-22.60463380813,19.863439369202,
    7.470566558838));
#640 = DIRECTION('',(-1.,0.,0.));
#641 = DIRECTION('',(0.,-1.,0.));
#642 = ADVANCED_FACE('',(#643),#677,.F.);
#643 = FACE_BOUND('',#644,.F.);
#644 = EDGE_LOOP('',(#645,#655,#663,#669,#670,#671));
#645 = ORIENTED_EDGE('',*,*,#646,.F.);
#646 = EDGE_CURVE('',#647,#649,#651,.T.);
#647 = VERTEX_POINT('',#648);
#648 = CARTESIAN_POINT('',(-22.10354580813,18.063439369202,
    7.470566558838));
#649 = VERTEX_POINT('',#650);
#650 = CARTESIAN_POINT('',(-17.90463380813,18.063439369202,
    7.470566558838));
#651 = LINE('',#652,#653);
#652 = CARTESIAN_POINT('',(-22.60463380813,18.063439369202,
    7.470566558838));
#653 = VECTOR('',#654,1.);
#654 = DIRECTION('',(1.,0.,0.));
#655 = ORIENTED_EDGE('',*,*,#656,.F.);
#656 = EDGE_CURVE('',#657,#647,#659,.T.);
#657 = VERTEX_POINT('',#658);
#658 = CARTESIAN_POINT('',(-22.10354580813,18.063439369202,
    5.470566558838));
#659 = LINE('',#660,#661);
#660 = CARTESIAN_POINT('',(-22.10354580813,18.063439369202,
    7.470566558838));
#661 = VECTOR('',#662,1.);
#662 = DIRECTION('',(0.,0.,1.));
#663 = ORIENTED_EDGE('',*,*,#664,.T.);
#664 = EDGE_CURVE('',#657,#623,#665,.T.);
#665 = LINE('',#666,#667);
#666 = CARTESIAN_POINT('',(-22.65886280813,18.063439369202,
    5.470566558838));
#667 = VECTOR('',#668,1.);
#668 = DIRECTION('',(-1.,0.,0.));
#669 = ORIENTED_EDGE('',*,*,#632,.T.);
#670 = ORIENTED_EDGE('',*,*,#233,.F.);
#671 = ORIENTED_EDGE('',*,*,#672,.F.);
#672 = EDGE_CURVE('',#649,#226,#673,.T.);
#673 = LINE('',#674,#675);
#674 = CARTESIAN_POINT('',(-17.90463380813,18.063439369202,
    7.470566558838));
#675 = VECTOR('',#676,1.);
#676 = DIRECTION('',(-0.,-0.,-1.));
#677 = PLANE('',#678);
#678 = AXIS2_PLACEMENT_3D('',#679,#680,#681);
#679 = CARTESIAN_POINT('',(-22.60463380813,18.063439369202,
    7.470566558838));
#680 = DIRECTION('',(0.,-1.,0.));
#681 = DIRECTION('',(1.,0.,0.));
#682 = ADVANCED_FACE('',(#683),#724,.T.);
#683 = FACE_BOUND('',#684,.T.);
#684 = EDGE_LOOP('',(#685,#693,#699,#700,#708,#716,#722,#723));
#685 = ORIENTED_EDGE('',*,*,#686,.T.);
#686 = EDGE_CURVE('',#649,#687,#689,.T.);
#687 = VERTEX_POINT('',#688);
#688 = CARTESIAN_POINT('',(-17.90463380813,15.263439369202,
    7.470566558838));
#689 = LINE('',#690,#691);
#690 = CARTESIAN_POINT('',(-17.90463380813,18.063439369202,
    7.470566558838));
#691 = VECTOR('',#692,1.);
#692 = DIRECTION('',(0.,-1.,0.));
#693 = ORIENTED_EDGE('',*,*,#694,.T.);
#694 = EDGE_CURVE('',#687,#186,#695,.T.);
#695 = LINE('',#696,#697);
#696 = CARTESIAN_POINT('',(-17.90463380813,15.263439369202,
    7.470566558838));
#697 = VECTOR('',#698,1.);
#698 = DIRECTION('',(-0.,-0.,-1.));
#699 = ORIENTED_EDGE('',*,*,#193,.T.);
#700 = ORIENTED_EDGE('',*,*,#701,.T.);
#701 = EDGE_CURVE('',#194,#702,#704,.T.);
#702 = VERTEX_POINT('',#703);
#703 = CARTESIAN_POINT('',(-17.90463380813,16.113439369198,
    3.570566558838));
#704 = LINE('',#705,#706);
#705 = CARTESIAN_POINT('',(-17.90463380813,16.113439369198,
    4.670566558838));
#706 = VECTOR('',#707,1.);
#707 = DIRECTION('',(0.,0.,-1.));
#708 = ORIENTED_EDGE('',*,*,#709,.T.);
#709 = EDGE_CURVE('',#702,#710,#712,.T.);
#710 = VERTEX_POINT('',#711);
#711 = CARTESIAN_POINT('',(-17.90463380813,17.213439369206,
    3.570566558838));
#712 = LINE('',#713,#714);
#713 = CARTESIAN_POINT('',(-17.90463380813,16.113439369198,
    3.570566558838));
#714 = VECTOR('',#715,1.);
#715 = DIRECTION('',(0.,1.,0.));
#716 = ORIENTED_EDGE('',*,*,#717,.T.);
#717 = EDGE_CURVE('',#710,#218,#718,.T.);
#718 = LINE('',#719,#720);
#719 = CARTESIAN_POINT('',(-17.90463380813,17.213439369206,
    3.570566558838));
#720 = VECTOR('',#721,1.);
#721 = DIRECTION('',(0.,0.,1.));
#722 = ORIENTED_EDGE('',*,*,#225,.T.);
#723 = ORIENTED_EDGE('',*,*,#672,.F.);
#724 = PLANE('',#725);
#725 = AXIS2_PLACEMENT_3D('',#726,#727,#728);
#726 = CARTESIAN_POINT('',(-17.90463380813,16.663439369202,
    5.660118797643));
#727 = DIRECTION('',(1.,0.,0.));
#728 = DIRECTION('',(0.,0.,1.));
#729 = ADVANCED_FACE('',(#730),#748,.T.);
#730 = FACE_BOUND('',#731,.T.);
#731 = EDGE_LOOP('',(#732,#740,#746,#747));
#732 = ORIENTED_EDGE('',*,*,#733,.T.);
#733 = EDGE_CURVE('',#710,#734,#736,.T.);
#734 = VERTEX_POINT('',#735);
#735 = CARTESIAN_POINT('',(-19.90463380813,17.213439369206,
    3.570566558838));
#736 = LINE('',#737,#738);
#737 = CARTESIAN_POINT('',(-17.90463380813,17.213439369206,
    3.570566558838));
#738 = VECTOR('',#739,1.);
#739 = DIRECTION('',(-1.,-0.,-0.));
#740 = ORIENTED_EDGE('',*,*,#741,.T.);
#741 = EDGE_CURVE('',#734,#210,#742,.T.);
#742 = LINE('',#743,#744);
#743 = CARTESIAN_POINT('',(-19.90463380813,17.213439369206,
    3.570566558838));
#744 = VECTOR('',#745,1.);
#745 = DIRECTION('',(0.,0.,1.));
#746 = ORIENTED_EDGE('',*,*,#217,.F.);
#747 = ORIENTED_EDGE('',*,*,#717,.F.);
#748 = PLANE('',#749);
#749 = AXIS2_PLACEMENT_3D('',#750,#751,#752);
#750 = CARTESIAN_POINT('',(-17.90463380813,17.213439369206,
    3.570566558838));
#751 = DIRECTION('',(0.,1.,0.));
#752 = DIRECTION('',(0.,0.,1.));
#753 = ADVANCED_FACE('',(#754),#772,.F.);
#754 = FACE_BOUND('',#755,.F.);
#755 = EDGE_LOOP('',(#756,#764,#770,#771));
#756 = ORIENTED_EDGE('',*,*,#757,.T.);
#757 = EDGE_CURVE('',#202,#758,#760,.T.);
#758 = VERTEX_POINT('',#759);
#759 = CARTESIAN_POINT('',(-19.90463380813,16.113439369198,
    3.570566558838));
#760 = LINE('',#761,#762);
#761 = CARTESIAN_POINT('',(-19.90463380813,16.113439369198,
    4.670566558838));
#762 = VECTOR('',#763,1.);
#763 = DIRECTION('',(0.,0.,-1.));
#764 = ORIENTED_EDGE('',*,*,#765,.T.);
#765 = EDGE_CURVE('',#758,#734,#766,.T.);
#766 = LINE('',#767,#768);
#767 = CARTESIAN_POINT('',(-19.90463380813,16.113439369198,
    3.570566558838));
#768 = VECTOR('',#769,1.);
#769 = DIRECTION('',(0.,1.,0.));
#770 = ORIENTED_EDGE('',*,*,#741,.T.);
#771 = ORIENTED_EDGE('',*,*,#209,.T.);
#772 = PLANE('',#773);
#773 = AXIS2_PLACEMENT_3D('',#774,#775,#776);
#774 = CARTESIAN_POINT('',(-19.90463380813,18.963439369197,
    4.120566558838));
#775 = DIRECTION('',(1.,0.,0.));
#776 = DIRECTION('',(0.,0.,1.));
#777 = ADVANCED_FACE('',(#778),#789,.T.);
#778 = FACE_BOUND('',#779,.T.);
#779 = EDGE_LOOP('',(#780,#781,#782,#788));
#780 = ORIENTED_EDGE('',*,*,#201,.T.);
#781 = ORIENTED_EDGE('',*,*,#757,.T.);
#782 = ORIENTED_EDGE('',*,*,#783,.F.);
#783 = EDGE_CURVE('',#702,#758,#784,.T.);
#784 = LINE('',#785,#786);
#785 = CARTESIAN_POINT('',(-17.90463380813,16.113439369198,
    3.570566558838));
#786 = VECTOR('',#787,1.);
#787 = DIRECTION('',(-1.,-0.,-0.));
#788 = ORIENTED_EDGE('',*,*,#701,.F.);
#789 = PLANE('',#790);
#790 = AXIS2_PLACEMENT_3D('',#791,#792,#793);
#791 = CARTESIAN_POINT('',(-17.90463380813,16.113439369198,
    4.670566558838));
#792 = DIRECTION('',(0.,-1.,0.));
#793 = DIRECTION('',(0.,0.,-1.));
#794 = ADVANCED_FACE('',(#795),#829,.F.);
#795 = FACE_BOUND('',#796,.F.);
#796 = EDGE_LOOP('',(#797,#805,#806,#807,#815,#823));
#797 = ORIENTED_EDGE('',*,*,#798,.F.);
#798 = EDGE_CURVE('',#687,#799,#801,.T.);
#799 = VERTEX_POINT('',#800);
#800 = CARTESIAN_POINT('',(-22.10354580813,15.263439369202,
    7.470566558838));
#801 = LINE('',#802,#803);
#802 = CARTESIAN_POINT('',(-17.90463380813,15.263439369202,
    7.470566558838));
#803 = VECTOR('',#804,1.);
#804 = DIRECTION('',(-1.,0.,0.));
#805 = ORIENTED_EDGE('',*,*,#694,.T.);
#806 = ORIENTED_EDGE('',*,*,#185,.F.);
#807 = ORIENTED_EDGE('',*,*,#808,.F.);
#808 = EDGE_CURVE('',#809,#178,#811,.T.);
#809 = VERTEX_POINT('',#810);
#810 = CARTESIAN_POINT('',(-22.60463380813,15.263439369202,
    5.470566558838));
#811 = LINE('',#812,#813);
#812 = CARTESIAN_POINT('',(-22.60463380813,15.263439369202,
    7.470566558838));
#813 = VECTOR('',#814,1.);
#814 = DIRECTION('',(-0.,-0.,-1.));
#815 = ORIENTED_EDGE('',*,*,#816,.T.);
#816 = EDGE_CURVE('',#809,#817,#819,.T.);
#817 = VERTEX_POINT('',#818);
#818 = CARTESIAN_POINT('',(-22.10354580813,15.263439369202,
    5.470566558838));
#819 = LINE('',#820,#821);
#820 = CARTESIAN_POINT('',(-20.30886280813,15.263439369202,
    5.470566558838));
#821 = VECTOR('',#822,1.);
#822 = DIRECTION('',(1.,0.,0.));
#823 = ORIENTED_EDGE('',*,*,#824,.F.);
#824 = EDGE_CURVE('',#799,#817,#825,.T.);
#825 = LINE('',#826,#827);
#826 = CARTESIAN_POINT('',(-22.10354580813,15.263439369202,
    7.470566558838));
#827 = VECTOR('',#828,1.);
#828 = DIRECTION('',(0.,0.,-1.));
#829 = PLANE('',#830);
#830 = AXIS2_PLACEMENT_3D('',#831,#832,#833);
#831 = CARTESIAN_POINT('',(-17.90463380813,15.263439369202,
    7.470566558838));
#832 = DIRECTION('',(0.,1.,0.));
#833 = DIRECTION('',(-1.,0.,0.));
#834 = ADVANCED_FACE('',(#835),#869,.F.);
#835 = FACE_BOUND('',#836,.F.);
#836 = EDGE_LOOP('',(#837,#847,#855,#861,#862,#863));
#837 = ORIENTED_EDGE('',*,*,#838,.F.);
#838 = EDGE_CURVE('',#839,#841,#843,.T.);
#839 = VERTEX_POINT('',#840);
#840 = CARTESIAN_POINT('',(-22.60463380813,14.706029369202,
    7.470566558838));
#841 = VERTEX_POINT('',#842);
#842 = CARTESIAN_POINT('',(-22.60463380813,13.463439369202,
    7.470566558838));
#843 = LINE('',#844,#845);
#844 = CARTESIAN_POINT('',(-22.60463380813,15.263439369202,
    7.470566558838));
#845 = VECTOR('',#846,1.);
#846 = DIRECTION('',(0.,-1.,0.));
#847 = ORIENTED_EDGE('',*,*,#848,.F.);
#848 = EDGE_CURVE('',#849,#839,#851,.T.);
#849 = VERTEX_POINT('',#850);
#850 = CARTESIAN_POINT('',(-22.60463380813,14.706029369202,
    5.470566558838));
#851 = LINE('',#852,#853);
#852 = CARTESIAN_POINT('',(-22.60463380813,14.706029369202,
    7.470566558838));
#853 = VECTOR('',#854,1.);
#854 = DIRECTION('',(0.,0.,1.));
#855 = ORIENTED_EDGE('',*,*,#856,.T.);
#856 = EDGE_CURVE('',#849,#809,#857,.T.);
#857 = LINE('',#858,#859);
#858 = CARTESIAN_POINT('',(-22.60463380813,17.232433369202,
    5.470566558838));
#859 = VECTOR('',#860,1.);
#860 = DIRECTION('',(0.,1.,0.));
#861 = ORIENTED_EDGE('',*,*,#808,.T.);
#862 = ORIENTED_EDGE('',*,*,#177,.F.);
#863 = ORIENTED_EDGE('',*,*,#864,.F.);
#864 = EDGE_CURVE('',#841,#170,#865,.T.);
#865 = LINE('',#866,#867);
#866 = CARTESIAN_POINT('',(-22.60463380813,13.463439369202,
    7.470566558838));
#867 = VECTOR('',#868,1.);
#868 = DIRECTION('',(-0.,-0.,-1.));
#869 = PLANE('',#870);
#870 = AXIS2_PLACEMENT_3D('',#871,#872,#873);
#871 = CARTESIAN_POINT('',(-22.60463380813,15.263439369202,
    7.470566558838));
#872 = DIRECTION('',(-1.,0.,0.));
#873 = DIRECTION('',(0.,-1.,0.));
#874 = ADVANCED_FACE('',(#875),#893,.F.);
#875 = FACE_BOUND('',#876,.F.);
#876 = EDGE_LOOP('',(#877,#885,#886,#887));
#877 = ORIENTED_EDGE('',*,*,#878,.F.);
#878 = EDGE_CURVE('',#841,#879,#881,.T.);
#879 = VERTEX_POINT('',#880);
#880 = CARTESIAN_POINT('',(-16.10463380813,13.463439369202,
    7.470566558838));
#881 = LINE('',#882,#883);
#882 = CARTESIAN_POINT('',(-22.60463380813,13.463439369202,
    7.470566558838));
#883 = VECTOR('',#884,1.);
#884 = DIRECTION('',(1.,0.,0.));
#885 = ORIENTED_EDGE('',*,*,#864,.T.);
#886 = ORIENTED_EDGE('',*,*,#169,.F.);
#887 = ORIENTED_EDGE('',*,*,#888,.F.);
#888 = EDGE_CURVE('',#879,#162,#889,.T.);
#889 = LINE('',#890,#891);
#890 = CARTESIAN_POINT('',(-16.10463380813,13.463439369202,
    7.470566558838));
#891 = VECTOR('',#892,1.);
#892 = DIRECTION('',(-0.,-0.,-1.));
#893 = PLANE('',#894);
#894 = AXIS2_PLACEMENT_3D('',#895,#896,#897);
#895 = CARTESIAN_POINT('',(-22.60463380813,13.463439369202,
    7.470566558838));
#896 = DIRECTION('',(0.,-1.,0.));
#897 = DIRECTION('',(1.,0.,0.));
#898 = ADVANCED_FACE('',(#899),#917,.F.);
#899 = FACE_BOUND('',#900,.F.);
#900 = EDGE_LOOP('',(#901,#909,#910,#911));
#901 = ORIENTED_EDGE('',*,*,#902,.F.);
#902 = EDGE_CURVE('',#879,#903,#905,.T.);
#903 = VERTEX_POINT('',#904);
#904 = CARTESIAN_POINT('',(-16.10463380813,24.463439369202,
    7.470566558838));
#905 = LINE('',#906,#907);
#906 = CARTESIAN_POINT('',(-16.10463380813,13.463439369202,
    7.470566558838));
#907 = VECTOR('',#908,1.);
#908 = DIRECTION('',(0.,1.,0.));
#909 = ORIENTED_EDGE('',*,*,#888,.T.);
#910 = ORIENTED_EDGE('',*,*,#161,.F.);
#911 = ORIENTED_EDGE('',*,*,#912,.F.);
#912 = EDGE_CURVE('',#903,#154,#913,.T.);
#913 = LINE('',#914,#915);
#914 = CARTESIAN_POINT('',(-16.10463380813,24.463439369202,
    7.470566558838));
#915 = VECTOR('',#916,1.);
#916 = DIRECTION('',(-0.,-0.,-1.));
#917 = PLANE('',#918);
#918 = AXIS2_PLACEMENT_3D('',#919,#920,#921);
#919 = CARTESIAN_POINT('',(-16.10463380813,13.463439369202,
    7.470566558838));
#920 = DIRECTION('',(1.,0.,0.));
#921 = DIRECTION('',(0.,1.,0.));
#922 = ADVANCED_FACE('',(#923),#941,.F.);
#923 = FACE_BOUND('',#924,.F.);
#924 = EDGE_LOOP('',(#925,#933,#934,#935));
#925 = ORIENTED_EDGE('',*,*,#926,.F.);
#926 = EDGE_CURVE('',#903,#927,#929,.T.);
#927 = VERTEX_POINT('',#928);
#928 = CARTESIAN_POINT('',(-22.60463380813,24.463439369202,
    7.470566558838));
#929 = LINE('',#930,#931);
#930 = CARTESIAN_POINT('',(-16.10463380813,24.463439369202,
    7.470566558838));
#931 = VECTOR('',#932,1.);
#932 = DIRECTION('',(-1.,0.,0.));
#933 = ORIENTED_EDGE('',*,*,#912,.T.);
#934 = ORIENTED_EDGE('',*,*,#153,.F.);
#935 = ORIENTED_EDGE('',*,*,#936,.F.);
#936 = EDGE_CURVE('',#927,#146,#937,.T.);
#937 = LINE('',#938,#939);
#938 = CARTESIAN_POINT('',(-22.60463380813,24.463439369202,
    7.470566558838));
#939 = VECTOR('',#940,1.);
#940 = DIRECTION('',(-0.,-0.,-1.));
#941 = PLANE('',#942);
#942 = AXIS2_PLACEMENT_3D('',#943,#944,#945);
#943 = CARTESIAN_POINT('',(-16.10463380813,24.463439369202,
    7.470566558838));
#944 = DIRECTION('',(0.,1.,0.));
#945 = DIRECTION('',(-1.,0.,0.));
#946 = ADVANCED_FACE('',(#947),#981,.F.);
#947 = FACE_BOUND('',#948,.F.);
#948 = EDGE_LOOP('',(#949,#957,#958,#959,#967,#975));
#949 = ORIENTED_EDGE('',*,*,#950,.F.);
#950 = EDGE_CURVE('',#927,#951,#953,.T.);
#951 = VERTEX_POINT('',#952);
#952 = CARTESIAN_POINT('',(-22.60463380813,23.696825369202,
    7.470566558838));
#953 = LINE('',#954,#955);
#954 = CARTESIAN_POINT('',(-22.60463380813,24.463439369202,
    7.470566558838));
#955 = VECTOR('',#956,1.);
#956 = DIRECTION('',(0.,-1.,0.));
#957 = ORIENTED_EDGE('',*,*,#936,.T.);
#958 = ORIENTED_EDGE('',*,*,#145,.F.);
#959 = ORIENTED_EDGE('',*,*,#960,.F.);
#960 = EDGE_CURVE('',#961,#138,#963,.T.);
#961 = VERTEX_POINT('',#962);
#962 = CARTESIAN_POINT('',(-22.60463380813,22.663439369202,
    5.470566558838));
#963 = LINE('',#964,#965);
#964 = CARTESIAN_POINT('',(-22.60463380813,22.663439369202,
    7.470566558838));
#965 = VECTOR('',#966,1.);
#966 = DIRECTION('',(-0.,-0.,-1.));
#967 = ORIENTED_EDGE('',*,*,#968,.T.);
#968 = EDGE_CURVE('',#961,#969,#971,.T.);
#969 = VERTEX_POINT('',#970);
#970 = CARTESIAN_POINT('',(-22.60463380813,23.696825369202,
    5.470566558838));
#971 = LINE('',#972,#973);
#972 = CARTESIAN_POINT('',(-22.60463380813,21.832433369202,
    5.470566558838));
#973 = VECTOR('',#974,1.);
#974 = DIRECTION('',(0.,1.,0.));
#975 = ORIENTED_EDGE('',*,*,#976,.F.);
#976 = EDGE_CURVE('',#951,#969,#977,.T.);
#977 = LINE('',#978,#979);
#978 = CARTESIAN_POINT('',(-22.60463380813,23.696825369202,
    7.470566558838));
#979 = VECTOR('',#980,1.);
#980 = DIRECTION('',(0.,0.,-1.));
#981 = PLANE('',#982);
#982 = AXIS2_PLACEMENT_3D('',#983,#984,#985);
#983 = CARTESIAN_POINT('',(-22.60463380813,24.463439369202,
    7.470566558838));
#984 = DIRECTION('',(-1.,0.,0.));
#985 = DIRECTION('',(0.,-1.,0.));
#986 = ADVANCED_FACE('',(#987),#1021,.F.);
#987 = FACE_BOUND('',#988,.F.);
#988 = EDGE_LOOP('',(#989,#999,#1007,#1013,#1014,#1015));
#989 = ORIENTED_EDGE('',*,*,#990,.F.);
#990 = EDGE_CURVE('',#991,#993,#995,.T.);
#991 = VERTEX_POINT('',#992);
#992 = CARTESIAN_POINT('',(-22.10354580813,22.663439369202,
    7.470566558838));
#993 = VERTEX_POINT('',#994);
#994 = CARTESIAN_POINT('',(-17.90463380813,22.663439369202,
    7.470566558838));
#995 = LINE('',#996,#997);
#996 = CARTESIAN_POINT('',(-22.60463380813,22.663439369202,
    7.470566558838));
#997 = VECTOR('',#998,1.);
#998 = DIRECTION('',(1.,0.,0.));
#999 = ORIENTED_EDGE('',*,*,#1000,.F.);
#1000 = EDGE_CURVE('',#1001,#991,#1003,.T.);
#1001 = VERTEX_POINT('',#1002);
#1002 = CARTESIAN_POINT('',(-22.10354580813,22.663439369202,
    5.470566558838));
#1003 = LINE('',#1004,#1005);
#1004 = CARTESIAN_POINT('',(-22.10354580813,22.663439369202,
    7.470566558838));
#1005 = VECTOR('',#1006,1.);
#1006 = DIRECTION('',(0.,0.,1.));
#1007 = ORIENTED_EDGE('',*,*,#1008,.T.);
#1008 = EDGE_CURVE('',#1001,#961,#1009,.T.);
#1009 = LINE('',#1010,#1011);
#1010 = CARTESIAN_POINT('',(-22.65886280813,22.663439369202,
    5.470566558838));
#1011 = VECTOR('',#1012,1.);
#1012 = DIRECTION('',(-1.,0.,0.));
#1013 = ORIENTED_EDGE('',*,*,#960,.T.);
#1014 = ORIENTED_EDGE('',*,*,#137,.F.);
#1015 = ORIENTED_EDGE('',*,*,#1016,.F.);
#1016 = EDGE_CURVE('',#993,#130,#1017,.T.);
#1017 = LINE('',#1018,#1019);
#1018 = CARTESIAN_POINT('',(-17.90463380813,22.663439369202,
    7.470566558838));
#1019 = VECTOR('',#1020,1.);
#1020 = DIRECTION('',(-0.,-0.,-1.));
#1021 = PLANE('',#1022);
#1022 = AXIS2_PLACEMENT_3D('',#1023,#1024,#1025);
#1023 = CARTESIAN_POINT('',(-22.60463380813,22.663439369202,
    7.470566558838));
#1024 = DIRECTION('',(0.,-1.,0.));
#1025 = DIRECTION('',(1.,0.,0.));
#1026 = ADVANCED_FACE('',(#1027),#1061,.T.);
#1027 = FACE_BOUND('',#1028,.T.);
#1028 = EDGE_LOOP('',(#1029,#1035,#1036,#1037,#1045,#1053,#1059,#1060));
#1029 = ORIENTED_EDGE('',*,*,#1030,.T.);
#1030 = EDGE_CURVE('',#993,#576,#1031,.T.);
#1031 = LINE('',#1032,#1033);
#1032 = CARTESIAN_POINT('',(-17.90463380813,22.663439369202,
    7.470566558838));
#1033 = VECTOR('',#1034,1.);
#1034 = DIRECTION('',(0.,-1.,0.));
#1035 = ORIENTED_EDGE('',*,*,#585,.T.);
#1036 = ORIENTED_EDGE('',*,*,#97,.T.);
#1037 = ORIENTED_EDGE('',*,*,#1038,.T.);
#1038 = EDGE_CURVE('',#98,#1039,#1041,.T.);
#1039 = VERTEX_POINT('',#1040);
#1040 = CARTESIAN_POINT('',(-17.90463380813,20.713439369202,
    3.570566558838));
#1041 = LINE('',#1042,#1043);
#1042 = CARTESIAN_POINT('',(-17.90463380813,20.713439369202,
    4.670566558838));
#1043 = VECTOR('',#1044,1.);
#1044 = DIRECTION('',(0.,0.,-1.));
#1045 = ORIENTED_EDGE('',*,*,#1046,.T.);
#1046 = EDGE_CURVE('',#1039,#1047,#1049,.T.);
#1047 = VERTEX_POINT('',#1048);
#1048 = CARTESIAN_POINT('',(-17.90463380813,21.813439369202,
    3.570566558838));
#1049 = LINE('',#1050,#1051);
#1050 = CARTESIAN_POINT('',(-17.90463380813,20.713439369202,
    3.570566558838));
#1051 = VECTOR('',#1052,1.);
#1052 = DIRECTION('',(0.,1.,0.));
#1053 = ORIENTED_EDGE('',*,*,#1054,.T.);
#1054 = EDGE_CURVE('',#1047,#122,#1055,.T.);
#1055 = LINE('',#1056,#1057);
#1056 = CARTESIAN_POINT('',(-17.90463380813,21.813439369202,
    3.570566558838));
#1057 = VECTOR('',#1058,1.);
#1058 = DIRECTION('',(0.,0.,1.));
#1059 = ORIENTED_EDGE('',*,*,#129,.T.);
#1060 = ORIENTED_EDGE('',*,*,#1016,.F.);
#1061 = PLANE('',#1062);
#1062 = AXIS2_PLACEMENT_3D('',#1063,#1064,#1065);
#1063 = CARTESIAN_POINT('',(-17.90463380813,21.263439369202,
    5.660118797644));
#1064 = DIRECTION('',(1.,0.,0.));
#1065 = DIRECTION('',(0.,0.,1.));
#1066 = ADVANCED_FACE('',(#1067),#1085,.T.);
#1067 = FACE_BOUND('',#1068,.T.);
#1068 = EDGE_LOOP('',(#1069,#1077,#1083,#1084));
#1069 = ORIENTED_EDGE('',*,*,#1070,.T.);
#1070 = EDGE_CURVE('',#1047,#1071,#1073,.T.);
#1071 = VERTEX_POINT('',#1072);
#1072 = CARTESIAN_POINT('',(-19.90463380813,21.813439369202,
    3.570566558838));
#1073 = LINE('',#1074,#1075);
#1074 = CARTESIAN_POINT('',(-17.90463380813,21.813439369202,
    3.570566558838));
#1075 = VECTOR('',#1076,1.);
#1076 = DIRECTION('',(-1.,-0.,-0.));
#1077 = ORIENTED_EDGE('',*,*,#1078,.T.);
#1078 = EDGE_CURVE('',#1071,#114,#1079,.T.);
#1079 = LINE('',#1080,#1081);
#1080 = CARTESIAN_POINT('',(-19.90463380813,21.813439369202,
    3.570566558838));
#1081 = VECTOR('',#1082,1.);
#1082 = DIRECTION('',(0.,0.,1.));
#1083 = ORIENTED_EDGE('',*,*,#121,.F.);
#1084 = ORIENTED_EDGE('',*,*,#1054,.F.);
#1085 = PLANE('',#1086);
#1086 = AXIS2_PLACEMENT_3D('',#1087,#1088,#1089);
#1087 = CARTESIAN_POINT('',(-17.90463380813,21.813439369202,
    3.570566558838));
#1088 = DIRECTION('',(0.,1.,0.));
#1089 = DIRECTION('',(0.,0.,1.));
#1090 = ADVANCED_FACE('',(#1091),#1109,.F.);
#1091 = FACE_BOUND('',#1092,.F.);
#1092 = EDGE_LOOP('',(#1093,#1101,#1107,#1108));
#1093 = ORIENTED_EDGE('',*,*,#1094,.T.);
#1094 = EDGE_CURVE('',#106,#1095,#1097,.T.);
#1095 = VERTEX_POINT('',#1096);
#1096 = CARTESIAN_POINT('',(-19.90463380813,20.713439369202,
    3.570566558838));
#1097 = LINE('',#1098,#1099);
#1098 = CARTESIAN_POINT('',(-19.90463380813,20.713439369202,
    4.670566558838));
#1099 = VECTOR('',#1100,1.);
#1100 = DIRECTION('',(0.,0.,-1.));
#1101 = ORIENTED_EDGE('',*,*,#1102,.T.);
#1102 = EDGE_CURVE('',#1095,#1071,#1103,.T.);
#1103 = LINE('',#1104,#1105);
#1104 = CARTESIAN_POINT('',(-19.90463380813,20.713439369202,
    3.570566558838));
#1105 = VECTOR('',#1106,1.);
#1106 = DIRECTION('',(0.,1.,0.));
#1107 = ORIENTED_EDGE('',*,*,#1078,.T.);
#1108 = ORIENTED_EDGE('',*,*,#113,.T.);
#1109 = PLANE('',#1110);
#1110 = AXIS2_PLACEMENT_3D('',#1111,#1112,#1113);
#1111 = CARTESIAN_POINT('',(-19.90463380813,18.963439369197,
    4.120566558838));
#1112 = DIRECTION('',(1.,0.,0.));
#1113 = DIRECTION('',(0.,0.,1.));
#1114 = ADVANCED_FACE('',(#1115),#1126,.T.);
#1115 = FACE_BOUND('',#1116,.T.);
#1116 = EDGE_LOOP('',(#1117,#1118,#1119,#1125));
#1117 = ORIENTED_EDGE('',*,*,#105,.T.);
#1118 = ORIENTED_EDGE('',*,*,#1094,.T.);
#1119 = ORIENTED_EDGE('',*,*,#1120,.F.);
#1120 = EDGE_CURVE('',#1039,#1095,#1121,.T.);
#1121 = LINE('',#1122,#1123);
#1122 = CARTESIAN_POINT('',(-17.90463380813,20.713439369202,
    3.570566558838));
#1123 = VECTOR('',#1124,1.);
#1124 = DIRECTION('',(-1.,-0.,-0.));
#1125 = ORIENTED_EDGE('',*,*,#1038,.F.);
#1126 = PLANE('',#1127);
#1127 = AXIS2_PLACEMENT_3D('',#1128,#1129,#1130);
#1128 = CARTESIAN_POINT('',(-17.90463380813,20.713439369202,
    4.670566558838));
#1129 = DIRECTION('',(0.,-1.,0.));
#1130 = DIRECTION('',(0.,0.,-1.));
#1131 = ADVANCED_FACE('',(#1132,#1282,#1293),#1304,.T.);
#1132 = FACE_BOUND('',#1133,.T.);
#1133 = EDGE_LOOP('',(#1134,#1135,#1143,#1151,#1157,#1158,#1159,#1160,
    #1161,#1169,#1177,#1185,#1193,#1202,#1210,#1218,#1226,#1234,#1242,
    #1251,#1259,#1267,#1275,#1281));
#1134 = ORIENTED_EDGE('',*,*,#319,.T.);
#1135 = ORIENTED_EDGE('',*,*,#1136,.F.);
#1136 = EDGE_CURVE('',#1137,#312,#1139,.T.);
#1137 = VERTEX_POINT('',#1138);
#1138 = CARTESIAN_POINT('',(-21.00463380813,-1.336560630798,
    -3.729433441162));
#1139 = LINE('',#1140,#1141);
#1140 = CARTESIAN_POINT('',(-21.00463380813,-1.336560630798,
    -3.729433441162));
#1141 = VECTOR('',#1142,1.);
#1142 = DIRECTION('',(0.,1.,0.));
#1143 = ORIENTED_EDGE('',*,*,#1144,.F.);
#1144 = EDGE_CURVE('',#1145,#1137,#1147,.T.);
#1145 = VERTEX_POINT('',#1146);
#1146 = CARTESIAN_POINT('',(-12.60463380813,-1.336560630798,
    -3.729433441162));
#1147 = LINE('',#1148,#1149);
#1148 = CARTESIAN_POINT('',(-12.60463380813,-1.336560630798,
    -3.729433441162));
#1149 = VECTOR('',#1150,1.);
#1150 = DIRECTION('',(-1.,0.,0.));
#1151 = ORIENTED_EDGE('',*,*,#1152,.F.);
#1152 = EDGE_CURVE('',#288,#1145,#1153,.T.);
#1153 = LINE('',#1154,#1155);
#1154 = CARTESIAN_POINT('',(-12.60463380813,-0.336560630798,
    -3.729433441162));
#1155 = VECTOR('',#1156,1.);
#1156 = DIRECTION('',(0.,-1.,0.));
#1157 = ORIENTED_EDGE('',*,*,#287,.T.);
#1158 = ORIENTED_EDGE('',*,*,#272,.T.);
#1159 = ORIENTED_EDGE('',*,*,#410,.T.);
#1160 = ORIENTED_EDGE('',*,*,#501,.T.);
#1161 = ORIENTED_EDGE('',*,*,#1162,.T.);
#1162 = EDGE_CURVE('',#494,#1163,#1165,.T.);
#1163 = VERTEX_POINT('',#1164);
#1164 = CARTESIAN_POINT('',(-27.30463380813,27.063439369202,
    -3.729433441162));
#1165 = LINE('',#1166,#1167);
#1166 = CARTESIAN_POINT('',(-24.50463380813,27.063439369202,
    -3.729433441162));
#1167 = VECTOR('',#1168,1.);
#1168 = DIRECTION('',(-1.,0.,0.));
#1169 = ORIENTED_EDGE('',*,*,#1170,.T.);
#1170 = EDGE_CURVE('',#1163,#1171,#1173,.T.);
#1171 = VERTEX_POINT('',#1172);
#1172 = CARTESIAN_POINT('',(-27.30463380813,38.263439369202,
    -3.729433441162));
#1173 = LINE('',#1174,#1175);
#1174 = CARTESIAN_POINT('',(-27.30463380813,27.063439369202,
    -3.729433441162));
#1175 = VECTOR('',#1176,1.);
#1176 = DIRECTION('',(0.,1.,0.));
#1177 = ORIENTED_EDGE('',*,*,#1178,.F.);
#1178 = EDGE_CURVE('',#1179,#1171,#1181,.T.);
#1179 = VERTEX_POINT('',#1180);
#1180 = CARTESIAN_POINT('',(-15.70463380813,38.263439369202,
    -3.729433441162));
#1181 = LINE('',#1182,#1183);
#1182 = CARTESIAN_POINT('',(2.695366191864,38.263439369202,
    -3.729433441162));
#1183 = VECTOR('',#1184,1.);
#1184 = DIRECTION('',(-1.,0.,0.));
#1185 = ORIENTED_EDGE('',*,*,#1186,.F.);
#1186 = EDGE_CURVE('',#1187,#1179,#1189,.T.);
#1187 = VERTEX_POINT('',#1188);
#1188 = CARTESIAN_POINT('',(-15.70463380813,42.263439369203,
    -3.729433441162));
#1189 = LINE('',#1190,#1191);
#1190 = CARTESIAN_POINT('',(-15.70463380813,42.263439369202,
    -3.729433441162));
#1191 = VECTOR('',#1192,1.);
#1192 = DIRECTION('',(0.,-1.,0.));
#1193 = ORIENTED_EDGE('',*,*,#1194,.T.);
#1194 = EDGE_CURVE('',#1187,#1195,#1197,.T.);
#1195 = VERTEX_POINT('',#1196);
#1196 = CARTESIAN_POINT('',(-8.904633808136,42.263439369202,
    -3.729433441162));
#1197 = CIRCLE('',#1198,3.4);
#1198 = AXIS2_PLACEMENT_3D('',#1199,#1200,#1201);
#1199 = CARTESIAN_POINT('',(-12.30463380813,42.263439369202,
    -3.729433441162));
#1200 = DIRECTION('',(0.,0.,-1.));
#1201 = DIRECTION('',(1.,0.,0.));
#1202 = ORIENTED_EDGE('',*,*,#1203,.T.);
#1203 = EDGE_CURVE('',#1195,#1204,#1206,.T.);
#1204 = VERTEX_POINT('',#1205);
#1205 = CARTESIAN_POINT('',(-8.904633808136,38.263439369202,
    -3.729433441162));
#1206 = LINE('',#1207,#1208);
#1207 = CARTESIAN_POINT('',(-8.904633808136,42.263439369202,
    -3.729433441162));
#1208 = VECTOR('',#1209,1.);
#1209 = DIRECTION('',(0.,-1.,0.));
#1210 = ORIENTED_EDGE('',*,*,#1211,.F.);
#1211 = EDGE_CURVE('',#1212,#1204,#1214,.T.);
#1212 = VERTEX_POINT('',#1213);
#1213 = CARTESIAN_POINT('',(2.695366191864,38.263439369202,
    -3.729433441162));
#1214 = LINE('',#1215,#1216);
#1215 = CARTESIAN_POINT('',(2.695366191864,38.263439369202,
    -3.729433441162));
#1216 = VECTOR('',#1217,1.);
#1217 = DIRECTION('',(-1.,0.,0.));
#1218 = ORIENTED_EDGE('',*,*,#1219,.F.);
#1219 = EDGE_CURVE('',#1220,#1212,#1222,.T.);
#1220 = VERTEX_POINT('',#1221);
#1221 = CARTESIAN_POINT('',(2.695366191864,-2.736560630798,
    -3.729433441162));
#1222 = LINE('',#1223,#1224);
#1223 = CARTESIAN_POINT('',(2.695366191864,-2.736560630798,
    -3.729433441162));
#1224 = VECTOR('',#1225,1.);
#1225 = DIRECTION('',(0.,1.,0.));
#1226 = ORIENTED_EDGE('',*,*,#1227,.F.);
#1227 = EDGE_CURVE('',#1228,#1220,#1230,.T.);
#1228 = VERTEX_POINT('',#1229);
#1229 = CARTESIAN_POINT('',(-8.904633808136,-2.736560630798,
    -3.729433441162));
#1230 = LINE('',#1231,#1232);
#1231 = CARTESIAN_POINT('',(-27.30463380813,-2.736560630798,
    -3.729433441162));
#1232 = VECTOR('',#1233,1.);
#1233 = DIRECTION('',(1.,0.,0.));
#1234 = ORIENTED_EDGE('',*,*,#1235,.F.);
#1235 = EDGE_CURVE('',#1236,#1228,#1238,.T.);
#1236 = VERTEX_POINT('',#1237);
#1237 = CARTESIAN_POINT('',(-8.904633808136,-6.736560630798,
    -3.729433441162));
#1238 = LINE('',#1239,#1240);
#1239 = CARTESIAN_POINT('',(-8.904633808136,-6.736560630798,
    -3.729433441162));
#1240 = VECTOR('',#1241,1.);
#1241 = DIRECTION('',(0.,1.,0.));
#1242 = ORIENTED_EDGE('',*,*,#1243,.T.);
#1243 = EDGE_CURVE('',#1236,#1244,#1246,.T.);
#1244 = VERTEX_POINT('',#1245);
#1245 = CARTESIAN_POINT('',(-15.70463380813,-6.736560630798,
    -3.729433441162));
#1246 = CIRCLE('',#1247,3.4);
#1247 = AXIS2_PLACEMENT_3D('',#1248,#1249,#1250);
#1248 = CARTESIAN_POINT('',(-12.30463380813,-6.736560630798,
    -3.729433441162));
#1249 = DIRECTION('',(0.,0.,-1.));
#1250 = DIRECTION('',(1.,0.,0.));
#1251 = ORIENTED_EDGE('',*,*,#1252,.T.);
#1252 = EDGE_CURVE('',#1244,#1253,#1255,.T.);
#1253 = VERTEX_POINT('',#1254);
#1254 = CARTESIAN_POINT('',(-15.70463380813,-2.736560630798,
    -3.729433441162));
#1255 = LINE('',#1256,#1257);
#1256 = CARTESIAN_POINT('',(-15.70463380813,-6.736560630798,
    -3.729433441162));
#1257 = VECTOR('',#1258,1.);
#1258 = DIRECTION('',(0.,1.,0.));
#1259 = ORIENTED_EDGE('',*,*,#1260,.F.);
#1260 = EDGE_CURVE('',#1261,#1253,#1263,.T.);
#1261 = VERTEX_POINT('',#1262);
#1262 = CARTESIAN_POINT('',(-27.30463380813,-2.736560630798,
    -3.729433441162));
#1263 = LINE('',#1264,#1265);
#1264 = CARTESIAN_POINT('',(-27.30463380813,-2.736560630798,
    -3.729433441162));
#1265 = VECTOR('',#1266,1.);
#1266 = DIRECTION('',(1.,0.,0.));
#1267 = ORIENTED_EDGE('',*,*,#1268,.F.);
#1268 = EDGE_CURVE('',#1269,#1261,#1271,.T.);
#1269 = VERTEX_POINT('',#1270);
#1270 = CARTESIAN_POINT('',(-27.30463380813,8.063439369202,
    -3.729433441162));
#1271 = LINE('',#1272,#1273);
#1272 = CARTESIAN_POINT('',(-27.30463380813,8.063439369202,
    -3.729433441162));
#1273 = VECTOR('',#1274,1.);
#1274 = DIRECTION('',(0.,-1.,0.));
#1275 = ORIENTED_EDGE('',*,*,#1276,.F.);
#1276 = EDGE_CURVE('',#470,#1269,#1277,.T.);
#1277 = LINE('',#1278,#1279);
#1278 = CARTESIAN_POINT('',(-24.50463380813,8.063439369202,
    -3.729433441162));
#1279 = VECTOR('',#1280,1.);
#1280 = DIRECTION('',(-1.,0.,0.));
#1281 = ORIENTED_EDGE('',*,*,#469,.F.);
#1282 = FACE_BOUND('',#1283,.T.);
#1283 = EDGE_LOOP('',(#1284));
#1284 = ORIENTED_EDGE('',*,*,#1285,.F.);
#1285 = EDGE_CURVE('',#1286,#1286,#1288,.T.);
#1286 = VERTEX_POINT('',#1287);
#1287 = CARTESIAN_POINT('',(-10.90463380813,-6.736560630798,
    -3.729433441162));
#1288 = CIRCLE('',#1289,1.4);
#1289 = AXIS2_PLACEMENT_3D('',#1290,#1291,#1292);
#1290 = CARTESIAN_POINT('',(-12.30463380813,-6.736560630798,
    -3.729433441162));
#1291 = DIRECTION('',(0.,0.,-1.));
#1292 = DIRECTION('',(1.,0.,0.));
#1293 = FACE_BOUND('',#1294,.T.);
#1294 = EDGE_LOOP('',(#1295));
#1295 = ORIENTED_EDGE('',*,*,#1296,.F.);
#1296 = EDGE_CURVE('',#1297,#1297,#1299,.T.);
#1297 = VERTEX_POINT('',#1298);
#1298 = CARTESIAN_POINT('',(-10.90463380813,42.263439369202,
    -3.729433441162));
#1299 = CIRCLE('',#1300,1.4);
#1300 = AXIS2_PLACEMENT_3D('',#1301,#1302,#1303);
#1301 = CARTESIAN_POINT('',(-12.30463380813,42.263439369202,
    -3.729433441162));
#1302 = DIRECTION('',(0.,0.,-1.));
#1303 = DIRECTION('',(1.,0.,0.));
#1304 = PLANE('',#1305);
#1305 = AXIS2_PLACEMENT_3D('',#1306,#1307,#1308);
#1306 = CARTESIAN_POINT('',(-10.52106573301,17.515552045258,
    -3.729433441162));
#1307 = DIRECTION('',(-0.,-0.,-1.));
#1308 = DIRECTION('',(-1.,0.,0.));
#1309 = ADVANCED_FACE('',(#1310),#1328,.T.);
#1310 = FACE_BOUND('',#1311,.T.);
#1311 = EDGE_LOOP('',(#1312,#1313,#1321,#1327));
#1312 = ORIENTED_EDGE('',*,*,#377,.F.);
#1313 = ORIENTED_EDGE('',*,*,#1314,.T.);
#1314 = EDGE_CURVE('',#369,#1315,#1317,.T.);
#1315 = VERTEX_POINT('',#1316);
#1316 = CARTESIAN_POINT('',(-0.334633808136,-2.736560630798,
    2.580566558838));
#1317 = LINE('',#1318,#1319);
#1318 = CARTESIAN_POINT('',(-0.334633808136,6.343936920166E-02,
    2.580566558838));
#1319 = VECTOR('',#1320,1.);
#1320 = DIRECTION('',(0.,-1.,2.22044604925E-16));
#1321 = ORIENTED_EDGE('',*,*,#1322,.F.);
#1322 = EDGE_CURVE('',#427,#1315,#1323,.T.);
#1323 = LINE('',#1324,#1325);
#1324 = CARTESIAN_POINT('',(-0.334633808136,-2.736560630798,
    3.075566558838));
#1325 = VECTOR('',#1326,1.);
#1326 = DIRECTION('',(0.,4.089794505882E-15,-1.));
#1327 = ORIENTED_EDGE('',*,*,#426,.F.);
#1328 = PLANE('',#1329);
#1329 = AXIS2_PLACEMENT_3D('',#1330,#1331,#1332);
#1330 = CARTESIAN_POINT('',(-0.334633808136,6.343936920166E-02,
    2.580566558838));
#1331 = DIRECTION('',(-1.,0.,0.));
#1332 = DIRECTION('',(0.,2.22044604925E-16,1.));
#1333 = ADVANCED_FACE('',(#1334),#1353,.F.);
#1334 = FACE_BOUND('',#1335,.T.);
#1335 = EDGE_LOOP('',(#1336,#1337,#1345,#1352));
#1336 = ORIENTED_EDGE('',*,*,#368,.T.);
#1337 = ORIENTED_EDGE('',*,*,#1338,.T.);
#1338 = EDGE_CURVE('',#361,#1339,#1341,.T.);
#1339 = VERTEX_POINT('',#1340);
#1340 = CARTESIAN_POINT('',(-1.734633808136,-2.736560630798,
    1.180566558838));
#1341 = LINE('',#1342,#1343);
#1342 = CARTESIAN_POINT('',(-1.734633808136,6.343936920166E-02,
    1.180566558838));
#1343 = VECTOR('',#1344,1.);
#1344 = DIRECTION('',(0.,-1.,2.22044604925E-16));
#1345 = ORIENTED_EDGE('',*,*,#1346,.F.);
#1346 = EDGE_CURVE('',#1315,#1339,#1347,.T.);
#1347 = CIRCLE('',#1348,1.4);
#1348 = AXIS2_PLACEMENT_3D('',#1349,#1350,#1351);
#1349 = CARTESIAN_POINT('',(-1.734633808136,-2.736560630798,
    2.580566558838));
#1350 = DIRECTION('',(0.,1.,-2.22044604925E-16));
#1351 = DIRECTION('',(1.,0.,0.));
#1352 = ORIENTED_EDGE('',*,*,#1314,.F.);
#1353 = CYLINDRICAL_SURFACE('',#1354,1.4);
#1354 = AXIS2_PLACEMENT_3D('',#1355,#1356,#1357);
#1355 = CARTESIAN_POINT('',(-1.734633808136,6.343936920166E-02,
    2.580566558838));
#1356 = DIRECTION('',(0.,1.,-2.22044604925E-16));
#1357 = DIRECTION('',(1.,0.,0.));
#1358 = ADVANCED_FACE('',(#1359),#1385,.T.);
#1359 = FACE_BOUND('',#1360,.T.);
#1360 = EDGE_LOOP('',(#1361,#1362,#1370,#1378,#1384));
#1361 = ORIENTED_EDGE('',*,*,#360,.F.);
#1362 = ORIENTED_EDGE('',*,*,#1363,.T.);
#1363 = EDGE_CURVE('',#352,#1364,#1366,.T.);
#1364 = VERTEX_POINT('',#1365);
#1365 = CARTESIAN_POINT('',(-8.934633808136,-2.736560630798,
    1.180566558838));
#1366 = LINE('',#1367,#1368);
#1367 = CARTESIAN_POINT('',(-8.934633808136,6.343936920166E-02,
    1.180566558838));
#1368 = VECTOR('',#1369,1.);
#1369 = DIRECTION('',(0.,-1.,2.22044604925E-16));
#1370 = ORIENTED_EDGE('',*,*,#1371,.F.);
#1371 = EDGE_CURVE('',#1372,#1364,#1374,.T.);
#1372 = VERTEX_POINT('',#1373);
#1373 = CARTESIAN_POINT('',(-8.904633808136,-2.736560630798,
    1.180566558838));
#1374 = LINE('',#1375,#1376);
#1375 = CARTESIAN_POINT('',(-10.61963380813,-2.736560630798,
    1.180566558838));
#1376 = VECTOR('',#1377,1.);
#1377 = DIRECTION('',(-1.,0.,0.));
#1378 = ORIENTED_EDGE('',*,*,#1379,.F.);
#1379 = EDGE_CURVE('',#1339,#1372,#1380,.T.);
#1380 = LINE('',#1381,#1382);
#1381 = CARTESIAN_POINT('',(-10.61963380813,-2.736560630798,
    1.180566558838));
#1382 = VECTOR('',#1383,1.);
#1383 = DIRECTION('',(-1.,0.,0.));
#1384 = ORIENTED_EDGE('',*,*,#1338,.F.);
#1385 = PLANE('',#1386);
#1386 = AXIS2_PLACEMENT_3D('',#1387,#1388,#1389);
#1387 = CARTESIAN_POINT('',(-8.934633808136,6.343936920166E-02,
    1.180566558838));
#1388 = DIRECTION('',(0.,2.22044604925E-16,1.));
#1389 = DIRECTION('',(1.,0.,0.));
#1390 = ADVANCED_FACE('',(#1391),#1410,.F.);
#1391 = FACE_BOUND('',#1392,.T.);
#1392 = EDGE_LOOP('',(#1393,#1394,#1402,#1409));
#1393 = ORIENTED_EDGE('',*,*,#351,.T.);
#1394 = ORIENTED_EDGE('',*,*,#1395,.T.);
#1395 = EDGE_CURVE('',#344,#1396,#1398,.T.);
#1396 = VERTEX_POINT('',#1397);
#1397 = CARTESIAN_POINT('',(-10.33463380813,-2.736560630798,
    2.580566558838));
#1398 = LINE('',#1399,#1400);
#1399 = CARTESIAN_POINT('',(-10.33463380813,6.343936920166E-02,
    2.580566558838));
#1400 = VECTOR('',#1401,1.);
#1401 = DIRECTION('',(0.,-1.,2.22044604925E-16));
#1402 = ORIENTED_EDGE('',*,*,#1403,.F.);
#1403 = EDGE_CURVE('',#1364,#1396,#1404,.T.);
#1404 = CIRCLE('',#1405,1.4);
#1405 = AXIS2_PLACEMENT_3D('',#1406,#1407,#1408);
#1406 = CARTESIAN_POINT('',(-8.934633808136,-2.736560630798,
    2.580566558838));
#1407 = DIRECTION('',(0.,1.,-2.22044604925E-16));
#1408 = DIRECTION('',(1.,0.,0.));
#1409 = ORIENTED_EDGE('',*,*,#1363,.F.);
#1410 = CYLINDRICAL_SURFACE('',#1411,1.4);
#1411 = AXIS2_PLACEMENT_3D('',#1412,#1413,#1414);
#1412 = CARTESIAN_POINT('',(-8.934633808136,6.343936920166E-02,
    2.580566558838));
#1413 = DIRECTION('',(0.,1.,-2.22044604925E-16));
#1414 = DIRECTION('',(1.,0.,0.));
#1415 = ADVANCED_FACE('',(#1416),#1427,.T.);
#1416 = FACE_BOUND('',#1417,.T.);
#1417 = EDGE_LOOP('',(#1418,#1419,#1420,#1426));
#1418 = ORIENTED_EDGE('',*,*,#343,.F.);
#1419 = ORIENTED_EDGE('',*,*,#559,.T.);
#1420 = ORIENTED_EDGE('',*,*,#1421,.F.);
#1421 = EDGE_CURVE('',#1396,#551,#1422,.T.);
#1422 = LINE('',#1423,#1424);
#1423 = CARTESIAN_POINT('',(-10.33463380813,-2.736560630798,
    3.675566558838));
#1424 = VECTOR('',#1425,1.);
#1425 = DIRECTION('',(0.,-4.089794505882E-15,1.));
#1426 = ORIENTED_EDGE('',*,*,#1395,.F.);
#1427 = PLANE('',#1428);
#1428 = AXIS2_PLACEMENT_3D('',#1429,#1430,#1431);
#1429 = CARTESIAN_POINT('',(-10.33463380813,6.343936920166E-02,
    3.780566558838));
#1430 = DIRECTION('',(1.,0.,0.));
#1431 = DIRECTION('',(0.,-2.22044604925E-16,-1.));
#1432 = ADVANCED_FACE('',(#1433),#1451,.F.);
#1433 = FACE_BOUND('',#1434,.F.);
#1434 = EDGE_LOOP('',(#1435,#1443,#1449,#1450));
#1435 = ORIENTED_EDGE('',*,*,#1436,.T.);
#1436 = EDGE_CURVE('',#1137,#1437,#1439,.T.);
#1437 = VERTEX_POINT('',#1438);
#1438 = CARTESIAN_POINT('',(-21.00463380813,-1.336560630798,
    -0.729433441162));
#1439 = LINE('',#1440,#1441);
#1440 = CARTESIAN_POINT('',(-21.00463380813,-1.336560630798,
    -3.729433441162));
#1441 = VECTOR('',#1442,1.);
#1442 = DIRECTION('',(0.,0.,1.));
#1443 = ORIENTED_EDGE('',*,*,#1444,.T.);
#1444 = EDGE_CURVE('',#1437,#304,#1445,.T.);
#1445 = LINE('',#1446,#1447);
#1446 = CARTESIAN_POINT('',(-21.00463380813,-1.336560630798,
    -0.729433441162));
#1447 = VECTOR('',#1448,1.);
#1448 = DIRECTION('',(0.,1.,0.));
#1449 = ORIENTED_EDGE('',*,*,#311,.F.);
#1450 = ORIENTED_EDGE('',*,*,#1136,.F.);
#1451 = PLANE('',#1452);
#1452 = AXIS2_PLACEMENT_3D('',#1453,#1454,#1455);
#1453 = CARTESIAN_POINT('',(-21.00463380813,-1.336560630798,
    -3.729433441162));
#1454 = DIRECTION('',(-1.,0.,0.));
#1455 = DIRECTION('',(0.,1.,0.));
#1456 = ADVANCED_FACE('',(#1457),#1475,.F.);
#1457 = FACE_BOUND('',#1458,.T.);
#1458 = EDGE_LOOP('',(#1459,#1460,#1461,#1469));
#1459 = ORIENTED_EDGE('',*,*,#1444,.T.);
#1460 = ORIENTED_EDGE('',*,*,#303,.T.);
#1461 = ORIENTED_EDGE('',*,*,#1462,.T.);
#1462 = EDGE_CURVE('',#296,#1463,#1465,.T.);
#1463 = VERTEX_POINT('',#1464);
#1464 = CARTESIAN_POINT('',(-12.60463380813,-1.336560630798,
    -0.729433441162));
#1465 = LINE('',#1466,#1467);
#1466 = CARTESIAN_POINT('',(-12.60463380813,-0.336560630798,
    -0.729433441162));
#1467 = VECTOR('',#1468,1.);
#1468 = DIRECTION('',(0.,-1.,0.));
#1469 = ORIENTED_EDGE('',*,*,#1470,.T.);
#1470 = EDGE_CURVE('',#1463,#1437,#1471,.T.);
#1471 = LINE('',#1472,#1473);
#1472 = CARTESIAN_POINT('',(-12.60463380813,-1.336560630798,
    -0.729433441162));
#1473 = VECTOR('',#1474,1.);
#1474 = DIRECTION('',(-1.,0.,0.));
#1475 = PLANE('',#1476);
#1476 = AXIS2_PLACEMENT_3D('',#1477,#1478,#1479);
#1477 = CARTESIAN_POINT('',(-16.80463380813,-0.836560630798,
    -0.729433441162));
#1478 = DIRECTION('',(0.,0.,1.));
#1479 = DIRECTION('',(1.,0.,0.));
#1480 = ADVANCED_FACE('',(#1481),#1492,.F.);
#1481 = FACE_BOUND('',#1482,.F.);
#1482 = EDGE_LOOP('',(#1483,#1484,#1485,#1491));
#1483 = ORIENTED_EDGE('',*,*,#295,.T.);
#1484 = ORIENTED_EDGE('',*,*,#1462,.T.);
#1485 = ORIENTED_EDGE('',*,*,#1486,.F.);
#1486 = EDGE_CURVE('',#1145,#1463,#1487,.T.);
#1487 = LINE('',#1488,#1489);
#1488 = CARTESIAN_POINT('',(-12.60463380813,-1.336560630798,
    -3.729433441162));
#1489 = VECTOR('',#1490,1.);
#1490 = DIRECTION('',(0.,0.,1.));
#1491 = ORIENTED_EDGE('',*,*,#1152,.F.);
#1492 = PLANE('',#1493);
#1493 = AXIS2_PLACEMENT_3D('',#1494,#1495,#1496);
#1494 = CARTESIAN_POINT('',(-12.60463380813,-0.336560630798,
    -3.729433441162));
#1495 = DIRECTION('',(1.,0.,0.));
#1496 = DIRECTION('',(0.,-1.,0.));
#1497 = ADVANCED_FACE('',(#1498),#1517,.T.);
#1498 = FACE_BOUND('',#1499,.T.);
#1499 = EDGE_LOOP('',(#1500,#1501,#1502,#1510,#1516));
#1500 = ORIENTED_EDGE('',*,*,#526,.F.);
#1501 = ORIENTED_EDGE('',*,*,#443,.T.);
#1502 = ORIENTED_EDGE('',*,*,#1503,.F.);
#1503 = EDGE_CURVE('',#1504,#435,#1506,.T.);
#1504 = VERTEX_POINT('',#1505);
#1505 = CARTESIAN_POINT('',(-8.904633808136,-2.736560630798,
    5.180566558838));
#1506 = LINE('',#1507,#1508);
#1507 = CARTESIAN_POINT('',(-7.019633808136,-2.736560630798,
    5.180566558838));
#1508 = VECTOR('',#1509,1.);
#1509 = DIRECTION('',(1.,0.,0.));
#1510 = ORIENTED_EDGE('',*,*,#1511,.F.);
#1511 = EDGE_CURVE('',#543,#1504,#1512,.T.);
#1512 = LINE('',#1513,#1514);
#1513 = CARTESIAN_POINT('',(-7.019633808136,-2.736560630798,
    5.180566558838));
#1514 = VECTOR('',#1515,1.);
#1515 = DIRECTION('',(1.,0.,0.));
#1516 = ORIENTED_EDGE('',*,*,#542,.F.);
#1517 = PLANE('',#1518);
#1518 = AXIS2_PLACEMENT_3D('',#1519,#1520,#1521);
#1519 = CARTESIAN_POINT('',(-1.734633808136,6.343936920166E-02,
    5.180566558838));
#1520 = DIRECTION('',(-0.,-2.22044604925E-16,-1.));
#1521 = DIRECTION('',(-1.,0.,0.));
#1522 = ADVANCED_FACE('',(#1523),#1559,.T.);
#1523 = FACE_BOUND('',#1524,.T.);
#1524 = EDGE_LOOP('',(#1525,#1535,#1541,#1542,#1543,#1544,#1545,#1546,
    #1552,#1553));
#1525 = ORIENTED_EDGE('',*,*,#1526,.F.);
#1526 = EDGE_CURVE('',#1527,#1529,#1531,.T.);
#1527 = VERTEX_POINT('',#1528);
#1528 = CARTESIAN_POINT('',(-8.904633808136,-2.736560630798,
    7.470566558838));
#1529 = VERTEX_POINT('',#1530);
#1530 = CARTESIAN_POINT('',(2.695366191864,-2.736560630798,
    7.470566558838));
#1531 = LINE('',#1532,#1533);
#1532 = CARTESIAN_POINT('',(-27.30463380813,-2.736560630798,
    7.470566558838));
#1533 = VECTOR('',#1534,1.);
#1534 = DIRECTION('',(1.,0.,0.));
#1535 = ORIENTED_EDGE('',*,*,#1536,.F.);
#1536 = EDGE_CURVE('',#1504,#1527,#1537,.T.);
#1537 = LINE('',#1538,#1539);
#1538 = CARTESIAN_POINT('',(-8.904633808136,-2.736560630798,
    -3.729433441162));
#1539 = VECTOR('',#1540,1.);
#1540 = DIRECTION('',(0.,0.,1.));
#1541 = ORIENTED_EDGE('',*,*,#1503,.T.);
#1542 = ORIENTED_EDGE('',*,*,#434,.T.);
#1543 = ORIENTED_EDGE('',*,*,#1322,.T.);
#1544 = ORIENTED_EDGE('',*,*,#1346,.T.);
#1545 = ORIENTED_EDGE('',*,*,#1379,.T.);
#1546 = ORIENTED_EDGE('',*,*,#1547,.F.);
#1547 = EDGE_CURVE('',#1228,#1372,#1548,.T.);
#1548 = LINE('',#1549,#1550);
#1549 = CARTESIAN_POINT('',(-8.904633808136,-2.736560630798,
    -3.729433441162));
#1550 = VECTOR('',#1551,1.);
#1551 = DIRECTION('',(0.,0.,1.));
#1552 = ORIENTED_EDGE('',*,*,#1227,.T.);
#1553 = ORIENTED_EDGE('',*,*,#1554,.F.);
#1554 = EDGE_CURVE('',#1529,#1220,#1555,.T.);
#1555 = LINE('',#1556,#1557);
#1556 = CARTESIAN_POINT('',(2.695366191864,-2.736560630798,
    -0.329433441162));
#1557 = VECTOR('',#1558,1.);
#1558 = DIRECTION('',(0.,0.,-1.));
#1559 = PLANE('',#1560);
#1560 = AXIS2_PLACEMENT_3D('',#1561,#1562,#1563);
#1561 = CARTESIAN_POINT('',(-12.30463380813,-2.736560630798,
    1.870566558838));
#1562 = DIRECTION('',(-0.,-1.,-2.371080338739E-15));
#1563 = DIRECTION('',(0.,2.371080338739E-15,-1.));
#1564 = ADVANCED_FACE('',(#1565),#1583,.T.);
#1565 = FACE_BOUND('',#1566,.T.);
#1566 = EDGE_LOOP('',(#1567,#1568,#1569,#1577));
#1567 = ORIENTED_EDGE('',*,*,#477,.T.);
#1568 = ORIENTED_EDGE('',*,*,#1276,.T.);
#1569 = ORIENTED_EDGE('',*,*,#1570,.F.);
#1570 = EDGE_CURVE('',#1571,#1269,#1573,.T.);
#1571 = VERTEX_POINT('',#1572);
#1572 = CARTESIAN_POINT('',(-27.30463380813,8.063439369202,
    -0.329433441162));
#1573 = LINE('',#1574,#1575);
#1574 = CARTESIAN_POINT('',(-27.30463380813,8.063439369202,
    -0.329433441162));
#1575 = VECTOR('',#1576,1.);
#1576 = DIRECTION('',(0.,0.,-1.));
#1577 = ORIENTED_EDGE('',*,*,#1578,.F.);
#1578 = EDGE_CURVE('',#478,#1571,#1579,.T.);
#1579 = LINE('',#1580,#1581);
#1580 = CARTESIAN_POINT('',(-24.50463380813,8.063439369202,
    -0.329433441162));
#1581 = VECTOR('',#1582,1.);
#1582 = DIRECTION('',(-1.,0.,0.));
#1583 = PLANE('',#1584);
#1584 = AXIS2_PLACEMENT_3D('',#1585,#1586,#1587);
#1585 = CARTESIAN_POINT('',(-24.50463380813,8.063439369202,
    -0.329433441162));
#1586 = DIRECTION('',(0.,1.,0.));
#1587 = DIRECTION('',(-1.,0.,0.));
#1588 = ADVANCED_FACE('',(#1589),#1607,.F.);
#1589 = FACE_BOUND('',#1590,.F.);
#1590 = EDGE_LOOP('',(#1591,#1599,#1605,#1606));
#1591 = ORIENTED_EDGE('',*,*,#1592,.T.);
#1592 = EDGE_CURVE('',#486,#1593,#1595,.T.);
#1593 = VERTEX_POINT('',#1594);
#1594 = CARTESIAN_POINT('',(-27.30463380813,27.063439369202,
    -0.329433441162));
#1595 = LINE('',#1596,#1597);
#1596 = CARTESIAN_POINT('',(-24.50463380813,27.063439369202,
    -0.329433441162));
#1597 = VECTOR('',#1598,1.);
#1598 = DIRECTION('',(-1.,0.,0.));
#1599 = ORIENTED_EDGE('',*,*,#1600,.T.);
#1600 = EDGE_CURVE('',#1593,#1571,#1601,.T.);
#1601 = LINE('',#1602,#1603);
#1602 = CARTESIAN_POINT('',(-27.30463380813,38.263439369202,
    -0.329433441162));
#1603 = VECTOR('',#1604,1.);
#1604 = DIRECTION('',(0.,-1.,0.));
#1605 = ORIENTED_EDGE('',*,*,#1578,.F.);
#1606 = ORIENTED_EDGE('',*,*,#485,.F.);
#1607 = PLANE('',#1608);
#1608 = AXIS2_PLACEMENT_3D('',#1609,#1610,#1611);
#1609 = CARTESIAN_POINT('',(-12.21253654369,17.671342104764,
    -0.329433441162));
#1610 = DIRECTION('',(0.,0.,1.));
#1611 = DIRECTION('',(1.,0.,0.));
#1612 = ADVANCED_FACE('',(#1613),#1624,.F.);
#1613 = FACE_BOUND('',#1614,.F.);
#1614 = EDGE_LOOP('',(#1615,#1616,#1617,#1623));
#1615 = ORIENTED_EDGE('',*,*,#493,.T.);
#1616 = ORIENTED_EDGE('',*,*,#1162,.T.);
#1617 = ORIENTED_EDGE('',*,*,#1618,.F.);
#1618 = EDGE_CURVE('',#1593,#1163,#1619,.T.);
#1619 = LINE('',#1620,#1621);
#1620 = CARTESIAN_POINT('',(-27.30463380813,27.063439369202,
    -0.329433441162));
#1621 = VECTOR('',#1622,1.);
#1622 = DIRECTION('',(0.,0.,-1.));
#1623 = ORIENTED_EDGE('',*,*,#1592,.F.);
#1624 = PLANE('',#1625);
#1625 = AXIS2_PLACEMENT_3D('',#1626,#1627,#1628);
#1626 = CARTESIAN_POINT('',(-24.50463380813,27.063439369202,
    -0.329433441162));
#1627 = DIRECTION('',(0.,1.,0.));
#1628 = DIRECTION('',(-1.,0.,0.));
#1629 = ADVANCED_FACE('',(#1630),#1643,.T.);
#1630 = FACE_BOUND('',#1631,.T.);
#1631 = EDGE_LOOP('',(#1632,#1638,#1639,#1640,#1641,#1642));
#1632 = ORIENTED_EDGE('',*,*,#1633,.F.);
#1633 = EDGE_CURVE('',#1372,#1504,#1634,.T.);
#1634 = LINE('',#1635,#1636);
#1635 = CARTESIAN_POINT('',(-8.904633808136,-2.736560630798,
    -3.729433441162));
#1636 = VECTOR('',#1637,1.);
#1637 = DIRECTION('',(0.,0.,1.));
#1638 = ORIENTED_EDGE('',*,*,#1371,.T.);
#1639 = ORIENTED_EDGE('',*,*,#1403,.T.);
#1640 = ORIENTED_EDGE('',*,*,#1421,.T.);
#1641 = ORIENTED_EDGE('',*,*,#550,.T.);
#1642 = ORIENTED_EDGE('',*,*,#1511,.T.);
#1643 = PLANE('',#1644);
#1644 = AXIS2_PLACEMENT_3D('',#1645,#1646,#1647);
#1645 = CARTESIAN_POINT('',(-15.70463380813,-2.736560630798,
    -3.729433441162));
#1646 = DIRECTION('',(0.,1.,0.));
#1647 = DIRECTION('',(1.,0.,0.));
#1648 = ADVANCED_FACE('',(#1649),#1660,.T.);
#1649 = FACE_BOUND('',#1650,.T.);
#1650 = EDGE_LOOP('',(#1651,#1652,#1658,#1659));
#1651 = ORIENTED_EDGE('',*,*,#990,.F.);
#1652 = ORIENTED_EDGE('',*,*,#1653,.F.);
#1653 = EDGE_CURVE('',#578,#991,#1654,.T.);
#1654 = LINE('',#1655,#1656);
#1655 = CARTESIAN_POINT('',(-22.10354580813,14.706029369202,
    7.470566558838));
#1656 = VECTOR('',#1657,1.);
#1657 = DIRECTION('',(0.,1.,0.));
#1658 = ORIENTED_EDGE('',*,*,#575,.F.);
#1659 = ORIENTED_EDGE('',*,*,#1030,.F.);
#1660 = PLANE('',#1661);
#1661 = AXIS2_PLACEMENT_3D('',#1662,#1663,#1664);
#1662 = CARTESIAN_POINT('',(-12.30463380813,17.763439369201,
    7.470566558838));
#1663 = DIRECTION('',(0.,0.,1.));
#1664 = DIRECTION('',(1.,0.,0.));
#1665 = ADVANCED_FACE('',(#1666),#1677,.F.);
#1666 = FACE_BOUND('',#1667,.F.);
#1667 = EDGE_LOOP('',(#1668,#1669,#1670,#1676));
#1668 = ORIENTED_EDGE('',*,*,#1653,.F.);
#1669 = ORIENTED_EDGE('',*,*,#608,.T.);
#1670 = ORIENTED_EDGE('',*,*,#1671,.T.);
#1671 = EDGE_CURVE('',#601,#1001,#1672,.T.);
#1672 = LINE('',#1673,#1674);
#1673 = CARTESIAN_POINT('',(-22.10354580813,14.706029369202,
    5.470566558838));
#1674 = VECTOR('',#1675,1.);
#1675 = DIRECTION('',(0.,1.,0.));
#1676 = ORIENTED_EDGE('',*,*,#1000,.T.);
#1677 = PLANE('',#1678);
#1678 = AXIS2_PLACEMENT_3D('',#1679,#1680,#1681);
#1679 = CARTESIAN_POINT('',(-22.10354580813,14.706029369202,
    7.470566558838));
#1680 = DIRECTION('',(1.,0.,0.));
#1681 = DIRECTION('',(0.,1.,0.));
#1682 = ADVANCED_FACE('',(#1683),#1721,.T.);
#1683 = FACE_BOUND('',#1684,.T.);
#1684 = EDGE_LOOP('',(#1685,#1693,#1701,#1707,#1708,#1709,#1715,#1716,
    #1717,#1718,#1719,#1720));
#1685 = ORIENTED_EDGE('',*,*,#1686,.T.);
#1686 = EDGE_CURVE('',#969,#1687,#1689,.T.);
#1687 = VERTEX_POINT('',#1688);
#1688 = CARTESIAN_POINT('',(-23.32263780813,23.696825369202,
    5.470566558838));
#1689 = LINE('',#1690,#1691);
#1690 = CARTESIAN_POINT('',(-22.10354580813,23.696825369202,
    5.470566558838));
#1691 = VECTOR('',#1692,1.);
#1692 = DIRECTION('',(-1.,0.,0.));
#1693 = ORIENTED_EDGE('',*,*,#1694,.T.);
#1694 = EDGE_CURVE('',#1687,#1695,#1697,.T.);
#1695 = VERTEX_POINT('',#1696);
#1696 = CARTESIAN_POINT('',(-23.32263780813,14.706029369202,
    5.470566558838));
#1697 = LINE('',#1698,#1699);
#1698 = CARTESIAN_POINT('',(-23.32263780813,23.696825369202,
    5.470566558838));
#1699 = VECTOR('',#1700,1.);
#1700 = DIRECTION('',(0.,-1.,0.));
#1701 = ORIENTED_EDGE('',*,*,#1702,.T.);
#1702 = EDGE_CURVE('',#1695,#849,#1703,.T.);
#1703 = LINE('',#1704,#1705);
#1704 = CARTESIAN_POINT('',(-23.32263780813,14.706029369202,
    5.470566558838));
#1705 = VECTOR('',#1706,1.);
#1706 = DIRECTION('',(1.,0.,0.));
#1707 = ORIENTED_EDGE('',*,*,#856,.T.);
#1708 = ORIENTED_EDGE('',*,*,#816,.T.);
#1709 = ORIENTED_EDGE('',*,*,#1710,.T.);
#1710 = EDGE_CURVE('',#817,#657,#1711,.T.);
#1711 = LINE('',#1712,#1713);
#1712 = CARTESIAN_POINT('',(-22.10354580813,14.706029369202,
    5.470566558838));
#1713 = VECTOR('',#1714,1.);
#1714 = DIRECTION('',(0.,1.,0.));
#1715 = ORIENTED_EDGE('',*,*,#664,.T.);
#1716 = ORIENTED_EDGE('',*,*,#622,.T.);
#1717 = ORIENTED_EDGE('',*,*,#600,.T.);
#1718 = ORIENTED_EDGE('',*,*,#1671,.T.);
#1719 = ORIENTED_EDGE('',*,*,#1008,.T.);
#1720 = ORIENTED_EDGE('',*,*,#968,.T.);
#1721 = PLANE('',#1722);
#1722 = AXIS2_PLACEMENT_3D('',#1723,#1724,#1725);
#1723 = CARTESIAN_POINT('',(-22.71309180813,19.201427369202,
    5.470566558838));
#1724 = DIRECTION('',(0.,0.,1.));
#1725 = DIRECTION('',(1.,0.,0.));
#1726 = ADVANCED_FACE('',(#1727),#1738,.T.);
#1727 = FACE_BOUND('',#1728,.T.);
#1728 = EDGE_LOOP('',(#1729,#1730,#1736,#1737));
#1729 = ORIENTED_EDGE('',*,*,#646,.F.);
#1730 = ORIENTED_EDGE('',*,*,#1731,.F.);
#1731 = EDGE_CURVE('',#799,#647,#1732,.T.);
#1732 = LINE('',#1733,#1734);
#1733 = CARTESIAN_POINT('',(-22.10354580813,14.706029369202,
    7.470566558838));
#1734 = VECTOR('',#1735,1.);
#1735 = DIRECTION('',(0.,1.,0.));
#1736 = ORIENTED_EDGE('',*,*,#798,.F.);
#1737 = ORIENTED_EDGE('',*,*,#686,.F.);
#1738 = PLANE('',#1739);
#1739 = AXIS2_PLACEMENT_3D('',#1740,#1741,#1742);
#1740 = CARTESIAN_POINT('',(-12.30463380813,17.763439369201,
    7.470566558838));
#1741 = DIRECTION('',(0.,0.,1.));
#1742 = DIRECTION('',(1.,0.,0.));
#1743 = ADVANCED_FACE('',(#1744),#1750,.F.);
#1744 = FACE_BOUND('',#1745,.F.);
#1745 = EDGE_LOOP('',(#1746,#1747,#1748,#1749));
#1746 = ORIENTED_EDGE('',*,*,#1731,.F.);
#1747 = ORIENTED_EDGE('',*,*,#824,.T.);
#1748 = ORIENTED_EDGE('',*,*,#1710,.T.);
#1749 = ORIENTED_EDGE('',*,*,#656,.T.);
#1750 = PLANE('',#1751);
#1751 = AXIS2_PLACEMENT_3D('',#1752,#1753,#1754);
#1752 = CARTESIAN_POINT('',(-22.10354580813,14.706029369202,
    7.470566558838));
#1753 = DIRECTION('',(1.,0.,0.));
#1754 = DIRECTION('',(0.,1.,0.));
#1755 = ADVANCED_FACE('',(#1756),#1762,.T.);
#1756 = FACE_BOUND('',#1757,.T.);
#1757 = EDGE_LOOP('',(#1758,#1759,#1760,#1761));
#1758 = ORIENTED_EDGE('',*,*,#783,.T.);
#1759 = ORIENTED_EDGE('',*,*,#765,.T.);
#1760 = ORIENTED_EDGE('',*,*,#733,.F.);
#1761 = ORIENTED_EDGE('',*,*,#709,.F.);
#1762 = PLANE('',#1763);
#1763 = AXIS2_PLACEMENT_3D('',#1764,#1765,#1766);
#1764 = CARTESIAN_POINT('',(-17.90463380813,16.113439369198,
    3.570566558838));
#1765 = DIRECTION('',(0.,0.,-1.));
#1766 = DIRECTION('',(0.,1.,0.));
#1767 = ADVANCED_FACE('',(#1768,#1859,#1870,#1899),#1910,.T.);
#1768 = FACE_BOUND('',#1769,.T.);
#1769 = EDGE_LOOP('',(#1770,#1780,#1788,#1796,#1805,#1811,#1812,#1820,
    #1828,#1836,#1845,#1853));
#1770 = ORIENTED_EDGE('',*,*,#1771,.T.);
#1771 = EDGE_CURVE('',#1772,#1774,#1776,.T.);
#1772 = VERTEX_POINT('',#1773);
#1773 = CARTESIAN_POINT('',(-27.30463380813,38.263439369202,
    7.470566558838));
#1774 = VERTEX_POINT('',#1775);
#1775 = CARTESIAN_POINT('',(-27.30463380813,-2.736560630798,
    7.470566558838));
#1776 = LINE('',#1777,#1778);
#1777 = CARTESIAN_POINT('',(-27.30463380813,38.263439369202,
    7.470566558838));
#1778 = VECTOR('',#1779,1.);
#1779 = DIRECTION('',(0.,-1.,0.));
#1780 = ORIENTED_EDGE('',*,*,#1781,.T.);
#1781 = EDGE_CURVE('',#1774,#1782,#1784,.T.);
#1782 = VERTEX_POINT('',#1783);
#1783 = CARTESIAN_POINT('',(-15.70463380813,-2.736560630798,
    7.470566558838));
#1784 = LINE('',#1785,#1786);
#1785 = CARTESIAN_POINT('',(-27.30463380813,-2.736560630798,
    7.470566558838));
#1786 = VECTOR('',#1787,1.);
#1787 = DIRECTION('',(1.,0.,0.));
#1788 = ORIENTED_EDGE('',*,*,#1789,.F.);
#1789 = EDGE_CURVE('',#1790,#1782,#1792,.T.);
#1790 = VERTEX_POINT('',#1791);
#1791 = CARTESIAN_POINT('',(-15.70463380813,-6.736560630798,
    7.470566558838));
#1792 = LINE('',#1793,#1794);
#1793 = CARTESIAN_POINT('',(-15.70463380813,5.513439369202,
    7.470566558838));
#1794 = VECTOR('',#1795,1.);
#1795 = DIRECTION('',(0.,1.,0.));
#1796 = ORIENTED_EDGE('',*,*,#1797,.F.);
#1797 = EDGE_CURVE('',#1798,#1790,#1800,.T.);
#1798 = VERTEX_POINT('',#1799);
#1799 = CARTESIAN_POINT('',(-8.904633808136,-6.736560630798,
    7.470566558838));
#1800 = CIRCLE('',#1801,3.4);
#1801 = AXIS2_PLACEMENT_3D('',#1802,#1803,#1804);
#1802 = CARTESIAN_POINT('',(-12.30463380813,-6.736560630798,
    7.470566558838));
#1803 = DIRECTION('',(0.,0.,-1.));
#1804 = DIRECTION('',(1.,0.,0.));
#1805 = ORIENTED_EDGE('',*,*,#1806,.T.);
#1806 = EDGE_CURVE('',#1798,#1527,#1807,.T.);
#1807 = LINE('',#1808,#1809);
#1808 = CARTESIAN_POINT('',(-8.904633808136,5.513439369202,
    7.470566558838));
#1809 = VECTOR('',#1810,1.);
#1810 = DIRECTION('',(0.,1.,0.));
#1811 = ORIENTED_EDGE('',*,*,#1526,.T.);
#1812 = ORIENTED_EDGE('',*,*,#1813,.T.);
#1813 = EDGE_CURVE('',#1529,#1814,#1816,.T.);
#1814 = VERTEX_POINT('',#1815);
#1815 = CARTESIAN_POINT('',(2.695366191864,38.263439369202,
    7.470566558838));
#1816 = LINE('',#1817,#1818);
#1817 = CARTESIAN_POINT('',(2.695366191864,-2.736560630798,
    7.470566558838));
#1818 = VECTOR('',#1819,1.);
#1819 = DIRECTION('',(0.,1.,0.));
#1820 = ORIENTED_EDGE('',*,*,#1821,.T.);
#1821 = EDGE_CURVE('',#1814,#1822,#1824,.T.);
#1822 = VERTEX_POINT('',#1823);
#1823 = CARTESIAN_POINT('',(-8.904633808136,38.263439369202,
    7.470566558838));
#1824 = LINE('',#1825,#1826);
#1825 = CARTESIAN_POINT('',(2.695366191864,38.263439369202,
    7.470566558838));
#1826 = VECTOR('',#1827,1.);
#1827 = DIRECTION('',(-1.,0.,0.));
#1828 = ORIENTED_EDGE('',*,*,#1829,.F.);
#1829 = EDGE_CURVE('',#1830,#1822,#1832,.T.);
#1830 = VERTEX_POINT('',#1831);
#1831 = CARTESIAN_POINT('',(-8.904633808136,42.263439369202,
    7.470566558838));
#1832 = LINE('',#1833,#1834);
#1833 = CARTESIAN_POINT('',(-8.904633808136,30.013439369202,
    7.470566558838));
#1834 = VECTOR('',#1835,1.);
#1835 = DIRECTION('',(0.,-1.,0.));
#1836 = ORIENTED_EDGE('',*,*,#1837,.F.);
#1837 = EDGE_CURVE('',#1838,#1830,#1840,.T.);
#1838 = VERTEX_POINT('',#1839);
#1839 = CARTESIAN_POINT('',(-15.70463380813,42.263439369203,
    7.470566558838));
#1840 = CIRCLE('',#1841,3.4);
#1841 = AXIS2_PLACEMENT_3D('',#1842,#1843,#1844);
#1842 = CARTESIAN_POINT('',(-12.30463380813,42.263439369202,
    7.470566558838));
#1843 = DIRECTION('',(0.,0.,-1.));
#1844 = DIRECTION('',(1.,0.,0.));
#1845 = ORIENTED_EDGE('',*,*,#1846,.T.);
#1846 = EDGE_CURVE('',#1838,#1847,#1849,.T.);
#1847 = VERTEX_POINT('',#1848);
#1848 = CARTESIAN_POINT('',(-15.70463380813,38.263439369202,
    7.470566558838));
#1849 = LINE('',#1850,#1851);
#1850 = CARTESIAN_POINT('',(-15.70463380813,30.013439369202,
    7.470566558838));
#1851 = VECTOR('',#1852,1.);
#1852 = DIRECTION('',(0.,-1.,0.));
#1853 = ORIENTED_EDGE('',*,*,#1854,.T.);
#1854 = EDGE_CURVE('',#1847,#1772,#1855,.T.);
#1855 = LINE('',#1856,#1857);
#1856 = CARTESIAN_POINT('',(2.695366191864,38.263439369202,
    7.470566558838));
#1857 = VECTOR('',#1858,1.);
#1858 = DIRECTION('',(-1.,0.,0.));
#1859 = FACE_BOUND('',#1860,.T.);
#1860 = EDGE_LOOP('',(#1861));
#1861 = ORIENTED_EDGE('',*,*,#1862,.T.);
#1862 = EDGE_CURVE('',#1863,#1863,#1865,.T.);
#1863 = VERTEX_POINT('',#1864);
#1864 = CARTESIAN_POINT('',(-10.90463380813,-6.736560630798,
    7.470566558838));
#1865 = CIRCLE('',#1866,1.4);
#1866 = AXIS2_PLACEMENT_3D('',#1867,#1868,#1869);
#1867 = CARTESIAN_POINT('',(-12.30463380813,-6.736560630798,
    7.470566558838));
#1868 = DIRECTION('',(0.,0.,-1.));
#1869 = DIRECTION('',(1.,0.,0.));
#1870 = FACE_BOUND('',#1871,.T.);
#1871 = EDGE_LOOP('',(#1872,#1880,#1881,#1882,#1883,#1884,#1885,#1893));
#1872 = ORIENTED_EDGE('',*,*,#1873,.F.);
#1873 = EDGE_CURVE('',#951,#1874,#1876,.T.);
#1874 = VERTEX_POINT('',#1875);
#1875 = CARTESIAN_POINT('',(-23.32263780813,23.696825369202,
    7.470566558838));
#1876 = LINE('',#1877,#1878);
#1877 = CARTESIAN_POINT('',(-22.10354580813,23.696825369202,
    7.470566558838));
#1878 = VECTOR('',#1879,1.);
#1879 = DIRECTION('',(-1.,0.,0.));
#1880 = ORIENTED_EDGE('',*,*,#950,.F.);
#1881 = ORIENTED_EDGE('',*,*,#926,.F.);
#1882 = ORIENTED_EDGE('',*,*,#902,.F.);
#1883 = ORIENTED_EDGE('',*,*,#878,.F.);
#1884 = ORIENTED_EDGE('',*,*,#838,.F.);
#1885 = ORIENTED_EDGE('',*,*,#1886,.F.);
#1886 = EDGE_CURVE('',#1887,#839,#1889,.T.);
#1887 = VERTEX_POINT('',#1888);
#1888 = CARTESIAN_POINT('',(-23.32263780813,14.706029369202,
    7.470566558838));
#1889 = LINE('',#1890,#1891);
#1890 = CARTESIAN_POINT('',(-23.32263780813,14.706029369202,
    7.470566558838));
#1891 = VECTOR('',#1892,1.);
#1892 = DIRECTION('',(1.,0.,0.));
#1893 = ORIENTED_EDGE('',*,*,#1894,.F.);
#1894 = EDGE_CURVE('',#1874,#1887,#1895,.T.);
#1895 = LINE('',#1896,#1897);
#1896 = CARTESIAN_POINT('',(-23.32263780813,23.696825369202,
    7.470566558838));
#1897 = VECTOR('',#1898,1.);
#1898 = DIRECTION('',(0.,-1.,0.));
#1899 = FACE_BOUND('',#1900,.T.);
#1900 = EDGE_LOOP('',(#1901));
#1901 = ORIENTED_EDGE('',*,*,#1902,.T.);
#1902 = EDGE_CURVE('',#1903,#1903,#1905,.T.);
#1903 = VERTEX_POINT('',#1904);
#1904 = CARTESIAN_POINT('',(-10.90463380813,42.263439369202,
    7.470566558838));
#1905 = CIRCLE('',#1906,1.4);
#1906 = AXIS2_PLACEMENT_3D('',#1907,#1908,#1909);
#1907 = CARTESIAN_POINT('',(-12.30463380813,42.263439369202,
    7.470566558838));
#1908 = DIRECTION('',(0.,0.,-1.));
#1909 = DIRECTION('',(1.,0.,0.));
#1910 = PLANE('',#1911);
#1911 = AXIS2_PLACEMENT_3D('',#1912,#1913,#1914);
#1912 = CARTESIAN_POINT('',(-12.30463380813,17.763439369201,
    7.470566558838));
#1913 = DIRECTION('',(0.,0.,1.));
#1914 = DIRECTION('',(1.,0.,0.));
#1915 = ADVANCED_FACE('',(#1916),#1927,.F.);
#1916 = FACE_BOUND('',#1917,.F.);
#1917 = EDGE_LOOP('',(#1918,#1919,#1925,#1926));
#1918 = ORIENTED_EDGE('',*,*,#1886,.F.);
#1919 = ORIENTED_EDGE('',*,*,#1920,.T.);
#1920 = EDGE_CURVE('',#1887,#1695,#1921,.T.);
#1921 = LINE('',#1922,#1923);
#1922 = CARTESIAN_POINT('',(-23.32263780813,14.706029369202,
    7.470566558838));
#1923 = VECTOR('',#1924,1.);
#1924 = DIRECTION('',(-0.,-0.,-1.));
#1925 = ORIENTED_EDGE('',*,*,#1702,.T.);
#1926 = ORIENTED_EDGE('',*,*,#848,.T.);
#1927 = PLANE('',#1928);
#1928 = AXIS2_PLACEMENT_3D('',#1929,#1930,#1931);
#1929 = CARTESIAN_POINT('',(-23.32263780813,14.706029369202,
    7.470566558838));
#1930 = DIRECTION('',(0.,-1.,0.));
#1931 = DIRECTION('',(1.,0.,0.));
#1932 = ADVANCED_FACE('',(#1933),#1944,.F.);
#1933 = FACE_BOUND('',#1934,.F.);
#1934 = EDGE_LOOP('',(#1935,#1936,#1937,#1938));
#1935 = ORIENTED_EDGE('',*,*,#1873,.F.);
#1936 = ORIENTED_EDGE('',*,*,#976,.T.);
#1937 = ORIENTED_EDGE('',*,*,#1686,.T.);
#1938 = ORIENTED_EDGE('',*,*,#1939,.F.);
#1939 = EDGE_CURVE('',#1874,#1687,#1940,.T.);
#1940 = LINE('',#1941,#1942);
#1941 = CARTESIAN_POINT('',(-23.32263780813,23.696825369202,
    7.470566558838));
#1942 = VECTOR('',#1943,1.);
#1943 = DIRECTION('',(-0.,-0.,-1.));
#1944 = PLANE('',#1945);
#1945 = AXIS2_PLACEMENT_3D('',#1946,#1947,#1948);
#1946 = CARTESIAN_POINT('',(-22.10354580813,23.696825369202,
    7.470566558838));
#1947 = DIRECTION('',(0.,1.,0.));
#1948 = DIRECTION('',(-1.,0.,0.));
#1949 = ADVANCED_FACE('',(#1950),#1956,.T.);
#1950 = FACE_BOUND('',#1951,.T.);
#1951 = EDGE_LOOP('',(#1952,#1953,#1954,#1955));
#1952 = ORIENTED_EDGE('',*,*,#1120,.T.);
#1953 = ORIENTED_EDGE('',*,*,#1102,.T.);
#1954 = ORIENTED_EDGE('',*,*,#1070,.F.);
#1955 = ORIENTED_EDGE('',*,*,#1046,.F.);
#1956 = PLANE('',#1957);
#1957 = AXIS2_PLACEMENT_3D('',#1958,#1959,#1960);
#1958 = CARTESIAN_POINT('',(-17.90463380813,20.713439369202,
    3.570566558838));
#1959 = DIRECTION('',(0.,0.,-1.));
#1960 = DIRECTION('',(0.,1.,0.));
#1961 = ADVANCED_FACE('',(#1962),#1968,.F.);
#1962 = FACE_BOUND('',#1963,.F.);
#1963 = EDGE_LOOP('',(#1964,#1965,#1966,#1967));
#1964 = ORIENTED_EDGE('',*,*,#1486,.T.);
#1965 = ORIENTED_EDGE('',*,*,#1470,.T.);
#1966 = ORIENTED_EDGE('',*,*,#1436,.F.);
#1967 = ORIENTED_EDGE('',*,*,#1144,.F.);
#1968 = PLANE('',#1969);
#1969 = AXIS2_PLACEMENT_3D('',#1970,#1971,#1972);
#1970 = CARTESIAN_POINT('',(-12.60463380813,-1.336560630798,
    -3.729433441162));
#1971 = DIRECTION('',(0.,-1.,0.));
#1972 = DIRECTION('',(-1.,0.,0.));
#1973 = ADVANCED_FACE('',(#1974),#1994,.T.);
#1974 = FACE_BOUND('',#1975,.T.);
#1975 = EDGE_LOOP('',(#1976,#1977,#1978,#1979,#1985,#1986,#1992,#1993));
#1976 = ORIENTED_EDGE('',*,*,#1600,.T.);
#1977 = ORIENTED_EDGE('',*,*,#1570,.T.);
#1978 = ORIENTED_EDGE('',*,*,#1268,.T.);
#1979 = ORIENTED_EDGE('',*,*,#1980,.F.);
#1980 = EDGE_CURVE('',#1774,#1261,#1981,.T.);
#1981 = LINE('',#1982,#1983);
#1982 = CARTESIAN_POINT('',(-27.30463380813,-2.736560630798,
    -0.329433441162));
#1983 = VECTOR('',#1984,1.);
#1984 = DIRECTION('',(0.,0.,-1.));
#1985 = ORIENTED_EDGE('',*,*,#1771,.F.);
#1986 = ORIENTED_EDGE('',*,*,#1987,.F.);
#1987 = EDGE_CURVE('',#1171,#1772,#1988,.T.);
#1988 = LINE('',#1989,#1990);
#1989 = CARTESIAN_POINT('',(-27.30463380813,38.263439369202,
    4.670566558838));
#1990 = VECTOR('',#1991,1.);
#1991 = DIRECTION('',(0.,0.,1.));
#1992 = ORIENTED_EDGE('',*,*,#1170,.F.);
#1993 = ORIENTED_EDGE('',*,*,#1618,.F.);
#1994 = PLANE('',#1995);
#1995 = AXIS2_PLACEMENT_3D('',#1996,#1997,#1998);
#1996 = CARTESIAN_POINT('',(-27.30463380813,17.751209153374,
    2.213012602003));
#1997 = DIRECTION('',(-1.,-0.,-0.));
#1998 = DIRECTION('',(0.,0.,-1.));
#1999 = ADVANCED_FACE('',(#2000),#2011,.T.);
#2000 = FACE_BOUND('',#2001,.T.);
#2001 = EDGE_LOOP('',(#2002,#2003,#2004,#2005));
#2002 = ORIENTED_EDGE('',*,*,#1178,.T.);
#2003 = ORIENTED_EDGE('',*,*,#1987,.T.);
#2004 = ORIENTED_EDGE('',*,*,#1854,.F.);
#2005 = ORIENTED_EDGE('',*,*,#2006,.F.);
#2006 = EDGE_CURVE('',#1179,#1847,#2007,.T.);
#2007 = LINE('',#2008,#2009);
#2008 = CARTESIAN_POINT('',(-15.70463380813,38.263439369202,
    -3.729433441162));
#2009 = VECTOR('',#2010,1.);
#2010 = DIRECTION('',(0.,0.,1.));
#2011 = PLANE('',#2012);
#2012 = AXIS2_PLACEMENT_3D('',#2013,#2014,#2015);
#2013 = CARTESIAN_POINT('',(-12.30463380813,38.263439369202,
    1.870566558838));
#2014 = DIRECTION('',(0.,1.,-5.631426485058E-16));
#2015 = DIRECTION('',(0.,5.631426485058E-16,1.));
#2016 = ADVANCED_FACE('',(#2017),#2028,.F.);
#2017 = FACE_BOUND('',#2018,.F.);
#2018 = EDGE_LOOP('',(#2019,#2020,#2026,#2027));
#2019 = ORIENTED_EDGE('',*,*,#1186,.F.);
#2020 = ORIENTED_EDGE('',*,*,#2021,.T.);
#2021 = EDGE_CURVE('',#1187,#1838,#2022,.T.);
#2022 = LINE('',#2023,#2024);
#2023 = CARTESIAN_POINT('',(-15.70463380813,42.263439369203,
    -3.729433441162));
#2024 = VECTOR('',#2025,1.);
#2025 = DIRECTION('',(0.,0.,1.));
#2026 = ORIENTED_EDGE('',*,*,#1846,.T.);
#2027 = ORIENTED_EDGE('',*,*,#2006,.F.);
#2028 = PLANE('',#2029);
#2029 = AXIS2_PLACEMENT_3D('',#2030,#2031,#2032);
#2030 = CARTESIAN_POINT('',(-15.70463380813,42.263439369202,
    -3.729433441162));
#2031 = DIRECTION('',(1.,0.,0.));
#2032 = DIRECTION('',(0.,-1.,0.));
#2033 = ADVANCED_FACE('',(#2034),#2045,.T.);
#2034 = FACE_BOUND('',#2035,.T.);
#2035 = EDGE_LOOP('',(#2036,#2037,#2038,#2039));
#2036 = ORIENTED_EDGE('',*,*,#1194,.F.);
#2037 = ORIENTED_EDGE('',*,*,#2021,.T.);
#2038 = ORIENTED_EDGE('',*,*,#1837,.T.);
#2039 = ORIENTED_EDGE('',*,*,#2040,.F.);
#2040 = EDGE_CURVE('',#1195,#1830,#2041,.T.);
#2041 = LINE('',#2042,#2043);
#2042 = CARTESIAN_POINT('',(-8.904633808136,42.263439369202,
    -3.729433441162));
#2043 = VECTOR('',#2044,1.);
#2044 = DIRECTION('',(0.,0.,1.));
#2045 = CYLINDRICAL_SURFACE('',#2046,3.4);
#2046 = AXIS2_PLACEMENT_3D('',#2047,#2048,#2049);
#2047 = CARTESIAN_POINT('',(-12.30463380813,42.263439369202,
    -3.729433441162));
#2048 = DIRECTION('',(0.,0.,-1.));
#2049 = DIRECTION('',(1.,0.,0.));
#2050 = ADVANCED_FACE('',(#2051),#2062,.T.);
#2051 = FACE_BOUND('',#2052,.T.);
#2052 = EDGE_LOOP('',(#2053,#2054,#2055,#2056));
#2053 = ORIENTED_EDGE('',*,*,#1203,.F.);
#2054 = ORIENTED_EDGE('',*,*,#2040,.T.);
#2055 = ORIENTED_EDGE('',*,*,#1829,.T.);
#2056 = ORIENTED_EDGE('',*,*,#2057,.F.);
#2057 = EDGE_CURVE('',#1204,#1822,#2058,.T.);
#2058 = LINE('',#2059,#2060);
#2059 = CARTESIAN_POINT('',(-8.904633808136,38.263439369202,
    -3.729433441162));
#2060 = VECTOR('',#2061,1.);
#2061 = DIRECTION('',(0.,0.,1.));
#2062 = PLANE('',#2063);
#2063 = AXIS2_PLACEMENT_3D('',#2064,#2065,#2066);
#2064 = CARTESIAN_POINT('',(-8.904633808136,42.263439369202,
    -3.729433441162));
#2065 = DIRECTION('',(1.,0.,0.));
#2066 = DIRECTION('',(0.,-1.,0.));
#2067 = ADVANCED_FACE('',(#2068),#2079,.T.);
#2068 = FACE_BOUND('',#2069,.T.);
#2069 = EDGE_LOOP('',(#2070,#2071,#2072,#2073));
#2070 = ORIENTED_EDGE('',*,*,#1211,.T.);
#2071 = ORIENTED_EDGE('',*,*,#2057,.T.);
#2072 = ORIENTED_EDGE('',*,*,#1821,.F.);
#2073 = ORIENTED_EDGE('',*,*,#2074,.F.);
#2074 = EDGE_CURVE('',#1212,#1814,#2075,.T.);
#2075 = LINE('',#2076,#2077);
#2076 = CARTESIAN_POINT('',(2.695366191864,38.263439369202,
    4.670566558838));
#2077 = VECTOR('',#2078,1.);
#2078 = DIRECTION('',(0.,0.,1.));
#2079 = PLANE('',#2080);
#2080 = AXIS2_PLACEMENT_3D('',#2081,#2082,#2083);
#2081 = CARTESIAN_POINT('',(-12.30463380813,38.263439369202,
    1.870566558838));
#2082 = DIRECTION('',(0.,1.,-5.631426485058E-16));
#2083 = DIRECTION('',(0.,5.631426485058E-16,1.));
#2084 = ADVANCED_FACE('',(#2085),#2091,.T.);
#2085 = FACE_BOUND('',#2086,.T.);
#2086 = EDGE_LOOP('',(#2087,#2088,#2089,#2090));
#2087 = ORIENTED_EDGE('',*,*,#1554,.T.);
#2088 = ORIENTED_EDGE('',*,*,#1219,.T.);
#2089 = ORIENTED_EDGE('',*,*,#2074,.T.);
#2090 = ORIENTED_EDGE('',*,*,#1813,.F.);
#2091 = PLANE('',#2092);
#2092 = AXIS2_PLACEMENT_3D('',#2093,#2094,#2095);
#2093 = CARTESIAN_POINT('',(2.695366191864,17.763439369202,
    1.870566558838));
#2094 = DIRECTION('',(1.,0.,-2.934527822288E-15));
#2095 = DIRECTION('',(2.934527822288E-15,0.,1.));
#2096 = ADVANCED_FACE('',(#2097),#2110,.F.);
#2097 = FACE_BOUND('',#2098,.F.);
#2098 = EDGE_LOOP('',(#2099,#2100,#2106,#2107,#2108,#2109));
#2099 = ORIENTED_EDGE('',*,*,#1235,.F.);
#2100 = ORIENTED_EDGE('',*,*,#2101,.T.);
#2101 = EDGE_CURVE('',#1236,#1798,#2102,.T.);
#2102 = LINE('',#2103,#2104);
#2103 = CARTESIAN_POINT('',(-8.904633808136,-6.736560630798,
    -3.729433441162));
#2104 = VECTOR('',#2105,1.);
#2105 = DIRECTION('',(0.,0.,1.));
#2106 = ORIENTED_EDGE('',*,*,#1806,.T.);
#2107 = ORIENTED_EDGE('',*,*,#1536,.F.);
#2108 = ORIENTED_EDGE('',*,*,#1633,.F.);
#2109 = ORIENTED_EDGE('',*,*,#1547,.F.);
#2110 = PLANE('',#2111);
#2111 = AXIS2_PLACEMENT_3D('',#2112,#2113,#2114);
#2112 = CARTESIAN_POINT('',(-8.904633808136,-6.736560630798,
    -3.729433441162));
#2113 = DIRECTION('',(-1.,0.,0.));
#2114 = DIRECTION('',(0.,1.,0.));
#2115 = ADVANCED_FACE('',(#2116),#2127,.T.);
#2116 = FACE_BOUND('',#2117,.T.);
#2117 = EDGE_LOOP('',(#2118,#2119,#2120,#2121));
#2118 = ORIENTED_EDGE('',*,*,#1243,.F.);
#2119 = ORIENTED_EDGE('',*,*,#2101,.T.);
#2120 = ORIENTED_EDGE('',*,*,#1797,.T.);
#2121 = ORIENTED_EDGE('',*,*,#2122,.F.);
#2122 = EDGE_CURVE('',#1244,#1790,#2123,.T.);
#2123 = LINE('',#2124,#2125);
#2124 = CARTESIAN_POINT('',(-15.70463380813,-6.736560630798,
    -3.729433441162));
#2125 = VECTOR('',#2126,1.);
#2126 = DIRECTION('',(0.,0.,1.));
#2127 = CYLINDRICAL_SURFACE('',#2128,3.4);
#2128 = AXIS2_PLACEMENT_3D('',#2129,#2130,#2131);
#2129 = CARTESIAN_POINT('',(-12.30463380813,-6.736560630798,
    -3.729433441162));
#2130 = DIRECTION('',(0.,0.,-1.));
#2131 = DIRECTION('',(1.,0.,0.));
#2132 = ADVANCED_FACE('',(#2133),#2144,.T.);
#2133 = FACE_BOUND('',#2134,.T.);
#2134 = EDGE_LOOP('',(#2135,#2136,#2137,#2138));
#2135 = ORIENTED_EDGE('',*,*,#1252,.F.);
#2136 = ORIENTED_EDGE('',*,*,#2122,.T.);
#2137 = ORIENTED_EDGE('',*,*,#1789,.T.);
#2138 = ORIENTED_EDGE('',*,*,#2139,.F.);
#2139 = EDGE_CURVE('',#1253,#1782,#2140,.T.);
#2140 = LINE('',#2141,#2142);
#2141 = CARTESIAN_POINT('',(-15.70463380813,-2.736560630798,
    -3.729433441162));
#2142 = VECTOR('',#2143,1.);
#2143 = DIRECTION('',(0.,0.,1.));
#2144 = PLANE('',#2145);
#2145 = AXIS2_PLACEMENT_3D('',#2146,#2147,#2148);
#2146 = CARTESIAN_POINT('',(-15.70463380813,-6.736560630798,
    -3.729433441162));
#2147 = DIRECTION('',(-1.,0.,0.));
#2148 = DIRECTION('',(0.,1.,0.));
#2149 = ADVANCED_FACE('',(#2150),#2156,.T.);
#2150 = FACE_BOUND('',#2151,.T.);
#2151 = EDGE_LOOP('',(#2152,#2153,#2154,#2155));
#2152 = ORIENTED_EDGE('',*,*,#1781,.F.);
#2153 = ORIENTED_EDGE('',*,*,#1980,.T.);
#2154 = ORIENTED_EDGE('',*,*,#1260,.T.);
#2155 = ORIENTED_EDGE('',*,*,#2139,.T.);
#2156 = PLANE('',#2157);
#2157 = AXIS2_PLACEMENT_3D('',#2158,#2159,#2160);
#2158 = CARTESIAN_POINT('',(-12.30463380813,-2.736560630798,
    1.870566558838));
#2159 = DIRECTION('',(-0.,-1.,-2.371080338739E-15));
#2160 = DIRECTION('',(0.,2.371080338739E-15,-1.));
#2161 = ADVANCED_FACE('',(#2162),#2173,.F.);
#2162 = FACE_BOUND('',#2163,.F.);
#2163 = EDGE_LOOP('',(#2164,#2165,#2171,#2172));
#2164 = ORIENTED_EDGE('',*,*,#1285,.F.);
#2165 = ORIENTED_EDGE('',*,*,#2166,.T.);
#2166 = EDGE_CURVE('',#1286,#1863,#2167,.T.);
#2167 = LINE('',#2168,#2169);
#2168 = CARTESIAN_POINT('',(-10.90463380813,-6.736560630798,
    -3.729433441162));
#2169 = VECTOR('',#2170,1.);
#2170 = DIRECTION('',(0.,0.,1.));
#2171 = ORIENTED_EDGE('',*,*,#1862,.T.);
#2172 = ORIENTED_EDGE('',*,*,#2166,.F.);
#2173 = CYLINDRICAL_SURFACE('',#2174,1.4);
#2174 = AXIS2_PLACEMENT_3D('',#2175,#2176,#2177);
#2175 = CARTESIAN_POINT('',(-12.30463380813,-6.736560630798,
    -3.729433441162));
#2176 = DIRECTION('',(0.,0.,-1.));
#2177 = DIRECTION('',(1.,0.,0.));
#2178 = ADVANCED_FACE('',(#2179),#2190,.F.);
#2179 = FACE_BOUND('',#2180,.F.);
#2180 = EDGE_LOOP('',(#2181,#2182,#2188,#2189));
#2181 = ORIENTED_EDGE('',*,*,#1296,.F.);
#2182 = ORIENTED_EDGE('',*,*,#2183,.T.);
#2183 = EDGE_CURVE('',#1297,#1903,#2184,.T.);
#2184 = LINE('',#2185,#2186);
#2185 = CARTESIAN_POINT('',(-10.90463380813,42.263439369202,
    -3.729433441162));
#2186 = VECTOR('',#2187,1.);
#2187 = DIRECTION('',(0.,0.,1.));
#2188 = ORIENTED_EDGE('',*,*,#1902,.T.);
#2189 = ORIENTED_EDGE('',*,*,#2183,.F.);
#2190 = CYLINDRICAL_SURFACE('',#2191,1.4);
#2191 = AXIS2_PLACEMENT_3D('',#2192,#2193,#2194);
#2192 = CARTESIAN_POINT('',(-12.30463380813,42.263439369202,
    -3.729433441162));
#2193 = DIRECTION('',(0.,0.,-1.));
#2194 = DIRECTION('',(1.,0.,0.));
#2195 = ADVANCED_FACE('',(#2196),#2202,.F.);
#2196 = FACE_BOUND('',#2197,.F.);
#2197 = EDGE_LOOP('',(#2198,#2199,#2200,#2201));
#2198 = ORIENTED_EDGE('',*,*,#1939,.T.);
#2199 = ORIENTED_EDGE('',*,*,#1694,.T.);
#2200 = ORIENTED_EDGE('',*,*,#1920,.F.);
#2201 = ORIENTED_EDGE('',*,*,#1894,.F.);
#2202 = PLANE('',#2203);
#2203 = AXIS2_PLACEMENT_3D('',#2204,#2205,#2206);
#2204 = CARTESIAN_POINT('',(-23.32263780813,23.696825369202,
    7.470566558838));
#2205 = DIRECTION('',(-1.,0.,0.));
#2206 = DIRECTION('',(0.,-1.,0.));
#2207 = ( GEOMETRIC_REPRESENTATION_CONTEXT(3) 
GLOBAL_UNCERTAINTY_ASSIGNED_CONTEXT((#2211)) 
GLOBAL_UNIT_ASSIGNED_CONTEXT((#2208,#2209,#2210)) REPRESENTATION_CONTEXT
('Context #1','3D Context with UNIT and UNCERTAINTY') );
#2208 = ( LENGTH_UNIT() NAMED_UNIT(*) SI_UNIT(.MILLI.,.METRE.) );
#2209 = ( NAMED_UNIT(*) PLANE_ANGLE_UNIT() SI_UNIT($,.RADIAN.) );
#2210 = ( NAMED_UNIT(*) SI_UNIT($,.STERADIAN.) SOLID_ANGLE_UNIT() );
#2211 = UNCERTAINTY_MEASURE_WITH_UNIT(LENGTH_MEASURE(5.E-05),#2208,
  'distance_accuracy_value','confusion accuracy');
#2212 = PRODUCT_RELATED_PRODUCT_CATEGORY('part',$,(#7));
#2213 = MECHANICAL_DESIGN_GEOMETRIC_PRESENTATION_REPRESENTATION('',(
    #2214),#2207);
#2214 = STYLED_ITEM('color',(#2215),#15);
#2215 = PRESENTATION_STYLE_ASSIGNMENT((#2216,#2222));
#2216 = SURFACE_STYLE_USAGE(.BOTH.,#2217);
#2217 = SURFACE_SIDE_STYLE('',(#2218));
#2218 = SURFACE_STYLE_FILL_AREA(#2219);
#2219 = FILL_AREA_STYLE('',(#2220));
#2220 = FILL_AREA_STYLE_COLOUR('',#2221);
#2221 = COLOUR_RGB('',0.678431390124,0.709803936702,0.741176476869);
#2222 = CURVE_STYLE('',#2223,POSITIVE_LENGTH_MEASURE(0.1),#2224);
#2223 = DRAUGHTING_PRE_DEFINED_CURVE_FONT('continuous');
#2224 = COLOUR_RGB('',9.803921802644E-02,9.803921802644E-02,
  9.803921802644E-02);
ENDSEC;
END-ISO-10303-21;
